000000	Other
493001	Transport of gases, liquids via pipelines (water network not including)
091001	Drilling of oil and natural gas wells
061000	Extraction of crude petroleum
091003	Liquefaction and regasification of natural gas for purpose of transport, done at the mine site
062000	Extraction of natural gas
841308	Management and Operation of Natural Gas Processing Plants
099010	Exploration services, e.g. traditional prospecting methods, such as taking core samples and making geological observations at prospective sites
091004	Exploration and prospecting activities for oil or gas fields
091002	Service activities incidental to extraction of petroleum and natural gas, excluding surveying
889003	Charities
941201	Various Professional Associations, Teams and Unions
841200	Cultural and Social Club
872001	Specialized rehabilitation centers
872002	Special residential care activities for mental retardation, mental health and substance abuse
873002	Nursing Homes
889002	Nursery (child day-care activities, including for handicapped children)
942000	Activities of trade unions
742002	Film developing and photo printing
741004	Fashion design activities
841303	Management of industrial project
829907	Sanad Services Center
821101	Administrative Services for Investors and Businessmen
772901	Renting of textiles, wearing apparel and footwear( including wedding dresses)
741003	Design activities on the screens (screen graphic activities)
461001	Activities of commission agents and brokerage business (excluding portfolio and security exchange)
783000	Other human resources provision
701001	Management offices
741005	Glass and Boards Decorating Activities
829201	Packaging activities (for others)
932903	Ceremony halls and palaces (wedding halls)
821102	Business Incubators and Accelerators
741001	Industrial design
773012	Renting of office furniture
749008	Business brokerage activities
841301	Management of lounges
749011	Patent registration
461004	Trading business agencies (excluding portfolio and security exchange)
829901	Clerical activities
829203	Bottling of liquids, including beverages and food
829202	Packing of luggage
821902	Services of photocopying and typing of documents
841101	Public service activities (overall)
829905	Calligraphers
461006	Commercial representative office
900003	Hiring of artistic bands
829906	Installation and assembly of neon boards
742001	Photography studios and labs activities
781001	Labor recruitment offices
742003	Microfilming of documents
781002	Employment placement offices
742004	Activities of photojournalists
772904	Renting of tents
841307	Industrial Innovation Management
461002	Commodity brokers and auctioners
772902	Renting of furniture and occasions supplies
841102	Support activities for government services as a whole (operation of government archives)
829902	Transactions clearance
749012	Trademark registration
960103	Ironing of clothing
960204	Men's Personal Care Center
960904	Cosmetic Center
960202	Hairdressing and other beauty treatment for women
960101	Laundering of all kinds of clothing (including fur) and textiles
960902	Massage salons
960201	Hair trimming and cutting , hairdressing, shaving and beard trimming for men
960104	Dry-cleaning and pressing of clothing
960203	Hair trimming and cutting, hairdressing for children
960102	Carpet and rug shampooing and drapery and curtain cleaning
960901	Health clubs (activities of turkish baths, sauna and steam baths, solariums, reducing and slendering salons etc.)
522203	Marine services
771001	Rental of Passenger Land Transportation Vehicles without a Driver
512000	Freight air transport
522104	Parking Rental and Management
561009	Delivery of Meals
501100	International Maritime Passenger Transport
522210	Marine Brokerage
522213	The Transshipment
492305	Trucking of Scrap and Waste Metal
522107	Goods Land Transport Agent
492207	Land Transport of Passengers by Bus - Regular (Within Cities)
522301	Operation of cargo handling stations at airports
522108	Management of Land Transport Shelter Yard
532003	Courier services
522214	Ship Provisioning
492301	Land Transport of Goods and Equipments
492203	Passenger transport for haj and umra (pilgrims transport)
492205	Airport shuttles
522302	Passenger Services at Airports
360003	Transport and sale of drinking water
491200	Freight rail transport
491100	Passenger rail transport, interurban
522901	Customs clearance offices
522202	Towing ship
782002	Seafarers Recruiting Agency
511002	Tourist Air Transport of Passengers
492303	Land Transport of Hazardous Materials
522209	Cargo Agent
502200	Inland Marine Transportation for Freight
522903	Management and Guidance of Road Transport
791101	Management and Operation of the Airline Agency
522102	Switching and shunting
461003	Activities of export and import offices
531000	Postal activities
521005	Crude Oil Storage
502102	Water Taxi
521002	Goods warehouses
492307	Transport and Sale of Water Resources
771002	Rental of Land Transport Vehicles of Goods
522401	Loading and unloading of goods (irrespective of the mode of transport used for transportation)
492202	Rental of passenger land transportation vehicles with a driver
370001	Sewage Transport
522216	Shipping and Freight Forwarding
522206	Maritime Rescue
522212	Vessel Chartering
492204	Transfer of Students of Educational Institutions
492201	Taxi operation
522101	Vehicle Towing and Recovery Service
522106	Passenger Land Transport Agent
492308	Land Transport of Waste and Scrap
773002	Renting of air transport equipment without operator
773013	Renting of motorcycles
501201	International Maritime Goods Transport
522103	Operation of cargo handling stations at railways and bus stations
522215	Floating Tanks
522208	Ship Agent
492304	Trucking of Chemical Products
473006	Stations of Storage and Distribution of Commercial Fuel
492210	Land Transport of Passengers by Bus (International)
522217	Ship Management
492209	Land Transport of Passengers by Bus - Regular
521001	Cold and Frozen Warehousing
492302	Rental of land transport means with a driver for transporting goods
360004	Transport and Sale of Non-Potable Water
532001	Mailing activities by a messenger (non-governmental mailing activities)
492100	Land Transport of Passengers - Irregular
492309	Transportation and Shipment of Vehicles
681004	Self-storage facilities
522201	Operation of cargo handling stations at seaports
522904	Maritime Pilotage
522211	Yacht Management
522402	Loading and Unloading Ships
502101	Inland Marine Transportation for Passengers
522403	Loading and unloading of goods weighing more than 25 kg
522205	Examination and Inspecting Marine Units not Covered by International Maritime Treaties
522902	Measurement and weighing offices
511001	Passenger air transport
773001	Renting of Water-transport Equipment Without Operator
501202	International Maritime Oil and Gas Transport
821901	Provision of mailbox rental
522204	Navigation Agencies
522207	Amphibious Flight
011902	Growing of aromatic plants and flowers (flowers and flower buds), flower seeds
012400	Growing of pome fruits and stone fruits
477204	Retail sale in specialized stores of veterinary medicines (including veterinary equipment)
014902	Breeding of Pets
014401	Raising and breeding of sheep and goats
014402	Production of raw sheep or goat milk
024000	Support services to forestry
014602	Operation of poultry hatcheries
014202	Raising of racing and riding horses
012801	Growing of aromatic crops
462003	Wholesale of live poultry
012202	Growing of bananas
014101	Raising and breeding of cattle and buffaloes
750002	Veterinary diagnosis laboratory
014603	Production of eggs
016105	Installation of greenhouses
750004	Veterinary Hospital
014601	Raising of poultry
012601	Growing of olives
021000	Silviculture and other forestry activities
014302	Raising of racing and riding camels
960903	Pets Care Service
014301	Raising of camels and camelids
013001	Growing of live plants for planting and ornamental purposes (including turf for transplanting)
012503	Growing of fruit seeds
012201	Growing of date palms and dates production
478901	Retail Sale of Livestocks, Sheep and Camels
014102	Production of raw cow milk from cows or buffaloes
012100	Growing of grapes
012501	Growing of berries
011901	Growing of forage products such as alfalfa etc.
012203	Growing of mangoes
101011	Processing and Packaging of Eggs
023001	Gathering of frankincense (olibanum, frankincense and storax)
750005	Management of Veterinary Quarantine Facilities
014303	Production of Raw Camels Milk
012602	Growing of coconuts
012900	Growing of other perennial crops
014901	Bee-keeping and production of honey and beeswax
016102	Land reclamation services for agricultural purposes
014201	Raising and breeding of horses, asses, mules or hinnies
016101	Irrigation projects (operation of agricultural irrigation equipment)
101001	Operation of slaughterhouses engaged in killing, dressing or packing meat
011301	Growing of sugar beet, roots and tubers
521004	Veterinary Pharmaceutical Warehouse
462002	Wholesale of live animals
012802	Growing of spices crops
023002	Gathering of mushrooms and truffles
011302	Vegetables farms
750001	Veterinary clinic (vets)
012300	Growing of citrus fruits
101002	Killing, dressing and packing of poultry, rabbits and birds
011101	Growing of creals (wheat, corn, barly etc.), except rice
016200	Support activities for animal production
551002	Apartment Hotels
559001	Student residences and school dormitories
772104	Selling and Renting of Diving Tools
773014	Renting of mobile tourist caravans
551008	Green homes
772107	Diving Trips Operation
551006	Guesthouses
829908	Foreign Visa Services
492208	Operation of telfers (téléphériques)
910202	Operation and maintenance of historical sites and buildings
773011	Renting of caravans (except tourist caravans), campers, containers and pallets (without driver)
551004	Chalets, housekeeping cottages
841302	Management of tourism project
932100	Activities of Amusement Parks and Theme Parks
910201	Operation of museums of all kinds
492206	Operation of ski
932902	Tourism adventures
551007	Heritage pensions or homes
772105	Operating Tourist Cruises
791100	Travel agency activities
799006	Tourist Guidance Offices
791200	Tour Operation
551005	Time-share units
772101	Renting Marine Entertainment Units
551003	Youth hostels
551001	Hotels, motels and resort hotels
492211	Land Transport of Passengers by Bus - Regular (Tourist Transport)
552001	Tourist camps
932901	Activities of recreation parks and beaches
932906	Entertainment Games and Electronic Simulation Systems
932907	Activities of mobile Entertainment games
772102	Renting Tourist Boats, Yachts and Floating Structures
862003	Dental clinics
869003	Ambulance Transport
799005	Medical coordination offices
466907	Wholesale of glasses (spectacles)
871000	Residential nursing care facilities
521003	Medicines Warehouses
862004	Health centers
861001	Hospitals
869007	Air Ambulance and Evacuation
477203	Retail sale in specialized stores of medical devices and tools and orthopedic apparatus
869002	Medical laboratories
869008	Drug Analysis Laboratories
662103	Revenue Cycle Management
862001	Specialized medical clinics
861002	Protective centres
869001	Specialized radiology centers (x-ray laboratories and other diagnostic imaging centres)
464904	Wholesaling of Medical Goods, Tools and Surgical Devices and Orthopedic Devices
862002	Non-specialized medical clinics
477201	Retail sale in specialized stores of pharmaceuticals (pharmacies)
869006	Dental laboratories
477303	Retail sale in specialized stores of glasses
152001	Manufacture of men, women and children leather footwear
151207	Manufacture of strips, belts and watch bands of natural leather or of its alternatives
151204	Manufacture of saddlery and harness and their accessories
151103	Manufacture of artificial fur
152003	Manufacture of sports footwear
151202	Manufacture of ladies handbags of leather and composition leather
151206	Manufacture of shoe-lace, of leather
152004	Manufacture of parts of footwear (tops, heels etc.)
162901	Manufacture of wooden boot or shoe parts (e.g. heels), lasts and trees
221901	Manufacture of shoe heels and soles and other rubber footwear parts
151102	Dressing of fur (tanning, dyeing, bleaching etc.)
151203	Manufacture of purses, wallets and bags (of natural leather or of its alternatives)
151101	Tanning, dyeing and dressing of skins
151205	Manufacture of horse whips and riding crops
151104	Manufacture of patent or metallized leathers
222001	Manufacture of plastic footwear parts
151201	Manufacture of luggage, school bags of leather and composition leather
101008	Prepration of hides and pulled wool
221906	Manufacture of rubber boot
151105	Manufacture of leather in the form of strips, sheets etc.
329016	Manufacture craft traditional hunting tools products
477312	Retail sale in specialized stores of pottery and craftwork
259312	Manufacture handicraft products of copper and metals
259310	Manufacture of swords and similar weapons
329017	Manufacture craft products derived from the bone
239305	Manufacture crafts of pottery and porcelain
259313	Manufacture handicraft products of aluminum
162911	Manufacture handicrafts products from wood
202310	Manufacture beauty and perfums handicraft products
259311	Manufacrure of omani khanjar
139908	Manufacture handicrafts products of wool or cotton fabric
239509	Manufacture handicraft products made of stone and gypsum
242007	Manufacture handicraft products of silver
477348	Retail sale in specialized stores of omani khanjar
477355	Retail sale in specialized stores for craft products
477323	Retail sale in specialized stores of silverware and gifts
110406	Manufacture of Handicraft Products for Production of Water and Oil of Frankincense
151208	Manufacture handicrafts products from leather
110404	Manufacture craft products by distilling flowers and herbs
162910	Manufacture handicraft products of plam tree
310004	Manufacture of furniture made of bamboo, cane, straw, leather, glass, plastics etc., for all purposes
162903	Household utensils and kitchenware, cases for cutlery and similar articles of wood
310001	Decorative restaurant carts, such as dessert carts, food wagons
161001	Sawing and cutting of slabs or rough lumber
162205	Manufacture of prefabricated buildings, or elements thereof, predominantly of wood
161003	Impregnation or chemical treatment of wood with preservatives or other materials
162302	Manufacture of wooden cable-drums
162203	Manufacture of wooden stairs, railings, balconies, parquet floor blocks, strips etc., assembled into panels
162201	Manufacture of wooden beams, rafters, roof struts, glue-laminated or metal connected prefabricated wooden roof trusses
310005	Manufacture of the different kinds of mattresses
162905	Manufacture of Clothes Hangers and Washing Staples
162303	Manufacture of barrels, vats, tubs and other coopers’ products of wood
310002	Manufacture of wooden furniture for household, hotel, office, restaurants etc.
162204	Manufacture of wooden beadings and mouldings, shingles and shakes
161004	Manufacture of unassembled wooden flooring
162909	Manufacture of wooden blocks for the manufacture of smoking pipes
162902	Manufacture of wooden tools, wooden handles and bodies for tools, brooms, brushes
162202	Manufacture of wooden doors, windows, shutters and their frames, whether or not containing metal fittings, such as hinges, locks etc.
162102	Manufacture of plywood and veneer
162301	Manufacture of packing cases, boxes, crates, drums and similar packings of wood
162101	Manufacture of particle board and fibreboard using compressors
162904	Manufacture of wooden statuettes and ornaments, wood marquetry, inlaid wood, cases for jewellery, frames for artists’ canvases etc.
162907	Natural cork processing, manufacture of agglomerated cork, articles of natural or agglomerated cork, including floor coverings
162103	Manufacture of reinforced wood (compressed)
162906	Manufacture of plaits and products of plaiting materials: mats, matting, screens, cases etc.
310003	Manufacture of aluminium and other metals furniture for household, hotel, office, restaurants etc.
162908	Manufacture of wooden handles for umbrellas, canes and similar
619001	internet cafés (provision of internet access in facilities open to the public)
474106	Retail sale in specialized stores of mobile phones and their accessories
582001	Publishing of ready-made (non-customized) software
631104	Internet-based Commercial Mediation
951200	Repair and maintenance of communication equipment
802002	Installation and Technical Support of Warning Systems and Intrusion Detection Devices (Physical Security)
474108	Retail sale in specialized stores of terminal equipment
829904	Support services in call centers and office help
611001	Wired telecommunications companies
631101	Data entry services
477329	Retail sale in specialized stores of navigation equipment and devices
620207	Managed Security Services
465201	Wholesale of electronic valves and tubes
465203	Wholesale of microchips and integrated circuits
822000	Activities of call centres
465205	Wholesale of telephone and communications equipment
479101	Retail sale via mail order houses
474109	Sale of Robots and Artificial Intelligence
474105	Retail sale in specialized stores of software and computer accessories
620104	Development of computer network
477330	Retail sale in specialized stores of electricity and communication cables
620101	Systems analysis
582002	Publishing of software on the internet
620202	Planning and designing of computer systems that integrate computer hardware, software and communication technologies
620106	Business Analysis
620901	Large Troubleshooting and Solve Computers Problems
620203	Management and operation of data processing facilities on a permanent basis
465906	Wholesale of teaching aids and equipments
479102	Retail Sale via Internet (E-Commerce)
773010	Renting of communication equipment
465204	Wholesale of blank audio and video tapes and diskettes, magnetic and optical disks (cds, dvds)
631103	Cloud and Hosting Services
465101	Wholesale of computer and computer accessories
620902	Installation of Computer Software
631102	Collection of data from one or more sources
474104	Retail sale in specialized stores of wire and wireless equipment and apparatus
612002	Mintenance of the networks
619003	Subscription services in the satellite channels
829205	Ink filling
612001	Wireless telecommunications companies
465202	Wholesale of semiconductor devices
951100	Repair of computers and peripheral equipment
474107	Retail sale in specialized stores of radio equipment
952101	Repair and maintenance of loudspeaker and amplifier systems
477324	Retail sale in specialized stores telecommunication services cards licensed in the sultanate
620102	Designing and programming software
474102	Retail sale in specialized stores of computers and non-customized software
474101	Retail sale in specialized stores of telephones and their accessories
477352	Retail sale in specialized stores of photographic and imaging equipment and accessories
951201	Repair of mobile phones
477354	Retail Sale in Specialized Stores of Surveillance Cameras (cctv) and Remote Control
773006	Renting of electronic calculating machines
731003	Promotion and Marketing Services Via Social Media
620208	Cyber Security Response and Digital Investigation Services
620103	Maintenance of softwares and designing of websites
465102	Wholesale of softwares
479901	Sale of vending machines
620206	Security Assessment Services
631105	Providing E-Platform Support Services
620205	Support services in the information technology and computer programming
620105	Create and implement databases and web pages
952102	Repair and maintenance of photographic equipment
620209	External Audit in the Area of Personal Data Protection
631200	Web portals
620900	Other information technology and computer service activities
465905	Wholesale of office machinery and equipment, except computers and computer peripheral equipment
474103	Retail sale in specialized stores of photocopiers and their accessories
266002	Manufacture of irradiation apparatus and tubes
210006	Manufacture of medical cotton
221908	Manufacture of rubber hygienic articles: sheath contraceptives, teats, hot water bottles etc.
266004	Manufacture of medical massage devices, psychotherapy and respirators
210005	Manufacture of medicinal active substances to be used for their pharmacological properties in the manufacture of medicaments: antibiotics, antisera, basic vitamins, other hormonal products, salicylic and o-acetylsalicylic acids etc.
210001	Manufacture of pharmaceuticals for human use
325009	Manufacture of laboratory type distilling apparatus
266001	Manufacture of electromedical and electrotherapeutic equipment
325010	Manufacture of ophthalmic goods, eyeglasses, sunglasses, lenses ground to prescription, contact lenses, safety goggles
210007	Manufacture of radioactive in-vivo diagnostic substances
210002	Manufacture of pharmaceuticals for veterinary use
329010	Manufacture of ear and noise plugs (e.g. for swimming and noise protection)
325008	Manufacture of medical, surgical dental or veterinary furniture (operating tables, dentists' chairs etc.)
325007	Manufacture of prosthetic devices and artificial teeth
325001	Manufacture of surgical drapes, belts and trusses
210004	Manufacture of medical impregnated wadding, gauze, bandages, dressings etc.
210003	Manufacture of botanical products (grinding, grading, milling) for pharmaceutical use
325011	Manufacture of orthopedic devices including medical crutches
325006	Manufacture of laboratory sterilizers
325004	Manufacture of laboratory centrifuges
210009	Extraction of Insect and Animal Venoms
325005	Manufacture of instruments and appliances for medicine and surgery, veterinary medicine, dentistry and eyes (except electrical medical and therapeutic equipment)
325003	Manufacture of bone reconstruction cements
266003	Manufacture of pacemakers
325012	Manufacture of medical shoes and belts, hearing aids
325002	Manufacture of dental fillings and cements
210008	Manufacture of Microbiological Culture Media for Laboratory Usage
103007	Manufacture of pickles
107304	Manufacture of taheenya sweets
107908	Grinding and packing of spices
103001	Processing, preserving or canning of fruits and fruit juice
110405	Production and Bottling of Mineral Water
110402	Manufacture of beverage flavoring with extracts and fruit spirits
107906	Manufacture of extracts and flavorings for food and beverages (rose water, vanilla etc.)
105001	Processing, pasteurizing, bottling or filling the fresh or fermented milk
107306	Manufacture of cocoa in the form of paste, blocks, powder, butter, fat or oil
110401	Manufacture of soft drinks
107203	Sugar packing
353002	Manufacture of ice, including ice for food and non-food (e.g. cooling) purposes
106102	Rice milling, polishing and packing
107103	Manufacture of cakes, brioche and tarts
105004	Manufacture of dried (powder) and concentrated milk
110302	Manufacture of Malt Beverage
107102	Manufacture of pastries
107104	Manufactur of biscuits
107500	Manufacture of prepared meals and dishes
107402	Manufacture of canned or frozen pasta products
106201	Manufacture of starches from rice, potatoes, maize etc.
120000	Manufacture of tobacco products
107403	Manufacture of stuffed pasta whether or not cooked
103012	Manufacture of tofu (bean curd)
105006	Manufacture of casein or lactose
107109	Manufacture of matai
103006	Manufacture of jams and jellies
107909	Manufacturing of Base Wax and Honeybees Feeds
103010	Manufacture of potato chips
105003	Production of cheese (white, solid, processed etc.)
106203	Producing and refining corn oil
106105	Manufacture of prepared blended flour and dough for bakerys
107106	Manufacture of light products such as corn chips and tortillas, unbaked
107901	Coffee roasting ,grinding or packing and manufacture of coffee substitutes
106104	Milling and packing of dried leguminous vegetables and edible nuts
089301	Extraction of salt from underground including by dissolving and pumping
105005	Manufacture of ice cream and other edible ice
104002	Producing and refining other vegetable oils
101006	Extraction and refining of animal fats
104005	Filling of vegetable oils and fats after refining
089302	Salt production by evaporation of sea water or other saline waters
106106	Manufacture of cereal breakfast foods (corn flakes, chips etc.) in the form of flakes
107904	Manufacture of soups in all forms, manufacture of spices and spices broths, vinegar and yeast
103004	Drying and packing of dates, grapes, fig and manufacturing of their products
107201	Manufacture of raw cane and beet sugar
104009	Manufacture and Extraction of Curcumin &essential oils from Turmeric
101005	Dissolving grease
107108	Manual bakery (tandoor)
103005	Manufacture of tomato paste
089303	Crushing, purification and refining of salt
106204	Manufacture of glucose, glucose syrup, maltose
107305	Manufacture of omani halwa
104001	Producing and refining sesame oil
106101	Grain milling and packing (wheat, corn, barley etc.)
107907	Tea blending and packing
107303	Manufacture of chewing gum
106202	Wet corn milling
107302	Manufacture of sugar confectionery
107905	Manufacture of molasses and sugar honey
110403	Production and Bottling of Bottled Drinking Water
107107	Manufacture of arab confectionery including almaamoul etc.
103009	Banana ripening
106103	Production of rice flour
107101	Manufacture of bread and bread products
104008	Producing and refining sunflower oil
104004	Manufacture of margarine and waste of extracted (animals and vegetables) oils and fats
103011	Production of dried leguminous vegetables (by industrial ways)
107202	Refining of raw sugar
107401	Manufacture of macroni
104006	Manufacture of edible animal fats
103003	Chilling and freezing of vegetables and fruits
107903	Refining and grinding salt
103002	Processing, preserving or canning of fresh or cooked vegetables and vegetable juice
107301	Manufacture of chocolate and chocolate confectionery
105002	Production of yoghurt, butter, cream, ghee etc.
103008	Preserving, roasting and packing of nuts
107902	Manufacture of infant formula and baby foods
107105	Manufacture of omani meals bread and raw pastry flakes
104007	Producing and refining olive oil
202206	Manufacture of organic composite solvents and thinners and prepared paint or varnish removers
201103	Manufacture of inorganic acids except nitric acid
202104	Manufacture of anti-sprouting products, plant growth regulators
201101	Manufacture of basic organic chemicals (petrochemical products)
201107	Manufacture of distilled water
191000	Manufacture of coke oven products
201104	Manufacture of alkalis, lyes and other inorganic bases except ammonia
202907	Manufacture of photochemical products such as photographic plates, films, sensitized paper and other sensitized unexposed materials
202202	Manufacture of varnishes
201301	Manufacture of plastics in primary forms
202205	Manufacture of adhesives or caulking compounds and similar non-refractory filling or surfacing preparations
201105	Manufacture of dyes and pigments from any source in basic form or as concentrate and tanning agents
201304	Manufacture of propylene
202906	Manufacture if anti-knock preparations, antifreeze preparations, other fluids used in hydraulic fiber transmission and composite diagnostic or laboratory reagents
202901	Mixing of sewerage treatment chemicals
201306	Manufacture of mixtures of synthetic rubber and natural rubber
201110	Manufacture of Coal
201106	Manufacture of other inorganic compounds
202912	Manufacture of chemicals that help to moisten and chemical substances for industrial use etc.
202102	Manufacture of insecticides and rodenticides
192009	Manufacture of hard-coal fuel briquettes
202903	Manufacture of gelatine and its derivatives, glues and prepared adhesives, including rubber-based glues and adhesives; materials used in the finishing of textiles and leather
201109	Manufacture of chemical gums
201302	Manufacture of synthetic rubber in primary forms
239902	Manufacture of articles of asphalt or similar material, e.g. asphalt-based adhesives, coal tar pitch etc.
201102	Manufacture of industrial gases, elemental gases, liquid or compressed air, refrigerant gases, mixed industrial gases, inert gases such as carbon dioxide and isolating gases
202103	Manufacture of disinfectants (for agricultural and other use)
201108	Manufacture of liquefied or compressed gases
202911	Manufacture of chemicals used in extinguishing fire
202101	Manufacture of fungicides and herbicides
201111	Green Hydrogen Production
202904	Manufacture of essential oils and chemically modified oils and fats
202203	Manufacture of prepared pigments and dyes, opacifiers and colours
202905	Manufacture of powders and pastes used in soldering, brazing or welding and substances used to pickle metal
202902	Manufacture of explosives and pyrotechnic products, including percussion caps, detonators, signalling flares, fireworks etc.
192010	Manufacture of lignite fuel briquettes
202204	Manufacture of pigments and other colouring matter of a kind used in the manufacture of paints or by artists or other painters
201303	Manufacture of rubber-like gums (e.g. balate) in primary forms
201305	Manufacture of polyethylene
202208	Manufacture of prepared pigments and prepared opacifiers
202201	Manufacture of paints
352003	Manufacture of gas
192008	Manufacture of Insulation Materials from Petroleum and Chemical Materials
352001	Manufacture of gaseous fuels
192006	Manufacture of petroleum jelly
192005	Manufacture of oil-based lubricating oils or greases
352002	Distribution of gaseous fuels through mains
202914	Manufacture of Fuel Conditioners
192002	Manufacture of light, medium and heavy fuel oil (e.g. petrol, kerosene, diesel etc.)
192007	Manufacture of paraffin wax and other waxes
192003	Manufacture of refinery gases such as ethane, propane, butane etc.
192004	Manufacture of illuminating oils
192001	Oil and oil products refineries
477316	Retail sale in specialized stores of military equipment
292006	Armoring and Modification of Military Vehicles
331106	Repair and Maintenance of Weapons and Ammunition and Military Equipment and Radars
477347	Retail sale in specialized stores of fireworks
477357	Retail sale in specialized stores for traditional weapons
252000	Manufacture of Weapons and Ammunition and Military Equipment and Radars
304000	Manufacture of military fighting vehicles
469004	Wholesale of Weapons, Ammunition, War Equipment and Radars and Maritime Marches and their Accessories
032103	Operation of fish hatcheries (marine)
032102	Farming of marine ornamental fish
032201	Fish farming in freshwater
032101	Fish farming in sea water
032203	Operation of fish hatcheries (freshwater)
032202	Farming of freshwater ornamental fish
031201	Freshwater fishing
031101	Marine fishing
941202	Management of Real Estate Owners Associations
711008	Real estate development
682002	Appraisal services for real estate
681002	Renting and operating of self-owned or leased real estate (residential and non-residential)
681001	Buying, selling and subdividing lands and real estate
682001	Real Estate Brokerage (Sale and Rental of Real Estate)
682003	Operating of Buildings (on a Fee or Contract Basis)
681003	Operating of Buildings (Self-Owned or Leased)
701002	Environmental Inspection
712010	Consultancy offices for conformity assessment bodies
712004	Calibration Laboratories
712001	Testing and Analyzing Laboratories
712006	Provide Conformity Assessment Certificates
712002	Agricultural laboratories
712009	Inspection bodies according to ISO 17020
712007	Accreditation of Testing and Calibration Laboratories and Conformity Bodies
712008	On-site inspection and calibration of finished equipment and materials
712003	Testing and measuring environmental indicators
562101	Event catering kitchens
563001	Cafés (cafes that offer mainly drinks)
561001	Restaurants
561005	Grilled meat shops or stalls (mashakik)
561002	Fast-food restaurants
562901	Catering activities
563003	Bars
561004	Grilled fish and seafood shops or stalls
562902	Operation of public facilities canteens or cafeterias (e.g. for factories, offices, hospitals or schools)
563004	Hookah coffee shop
472201	Retail sale in specialized stores of alcoholic drinks
561003	Ice cream shops
561007	Cafés (cafes that offer meals mainly)
563002	Fruit juice bars or shops
561008	Mobile Coffee Shop
561006	Stalls or vendors selling corn
641903	Issuance of financial transfers and checks activities
661903	Issuance of credit cards
663003	Issue Management
661901	Management of credit and own real estate
663004	Portfolio Management
661202	Financial Securities Brokerage
649201	Development funds
661204	Margin Financing
643004	credit card, issue
661101	Administration of financial markets
661205	Securities Boroker Agency
661906	Payment Service Provider Activities
829101	Debt collection activities
641901	Commercial banks
663005	Investment Management
649202	Financing activities in installments
641904	Guaranteeing Confirmation of LCs and Facilitating Working Capital Financing
649203	Support Services for Small and Medium Enterprises Development Funds
641902	Specialized banks
643001	Investment funds and securities activities (stocks, bond and Sukuks)
661904	Credit Rating Agencies
661203	Acquisition of shares for account of a company
643002	Agent for Bond/ Sukuk Holder
649204	Crowdfunding Platform
649901	Market Maker
829102	Bill collection
661907	Electronic Banking Services
663002	Managing Investment Funds
642000	Activities of holding companies
661201	Exchange shops
643003	Marketing non- Omani Securities
661102	Issuer of structured Instruments
620201	Hardware consultancy
749006	Activities of consultants other than architecture, engineering and management consultants
749043	Biological Sciences Consultancy
741006	Graphic Design Consultancy
749007	Security consulting
749030	Physical Consultancy
869004	Nutritional sciences consultancy
842300	Public order and safety activities
749023	Electrical Engineering Consultancy
749018	Human resources consultancy
749051	Intellectual Property Consulting
702002	Electrical Power Management Services
692001	Auditing offices of financial accounts
741002	Interior Design activities
749016	Marketing consultancy
855002	Educational Consulting
749026	Chemical Engineering Consultancy
749041	Marine Science Consultancy
711002	Architectural Engineering Consultancy
749046	Medical Equipment Engineering Consultancy
749019	Consulting in aquaculture and fish farming
749022	Geographical consultancy
711007	Lanscape planning and design activities
889004	Social and Family Consultancy
711001	Architectural and civil engineering consultancy offices
721001	Research and experimental development on natural sciences and engineering
749027	Food Safety Consultancy
732000	Market research and public opinion polling
721002	Pharmaceutical Studies and Research Center
692002	Financial Consultancy
711005	Engineering and technical offices relating to specialized activities of all branches of engineering
749004	Agronomy consulting
749038	Mining Engineering Consultancy
749032	Industrial engineering Consultancy
749021	Geological consultancy
711010	Safety and fire protection engineering consultations
711006	Spatial and quantitative services
749014	Appraisal and valuation of assets and property other than for real estate and insurance (for antiques, jewellery etc.)
692003	Islamic Banking Consultancy
749045	Nuclear Engineering Consultancy
749035	Health Consultancy
749055	Sports Consulting
841305	Process Engineering Consultancy
749037	Consulting in Geographic Information Systems
749036	Oil, Gas and Petrochemicals Engineering Consultancy
661905	Investment Advice and Research
749050	Consulting in Alternative Energy
749054	Agricultural Consultancy
749044	Chemistry Sciences Consultancy
750003	Veterinary Health Consultancy
910203	Archeology Consultancy
749034	Electronics Engineering Consultancy
749025	Consulting in the communication technology
722002	Interdisciplinary research and development, predominantly on social sciences and humanities
749013	Marketing of print and audio texts
721003	Scientific Office
711012	Architectural Studies Consultancy
749042	Risk Management Consultancy
749024	Pharmaceutical consultancy
711011	Project Management Consultancy
749039	Statistical Consultancy
869005	General health consultancy
749020	Consulting in the quantity surveying
722001	Research and experimental development on social sciences and humanities
749031	Mechanical Engineering Consultancy
711004	Architecture and civil engineering offices
842301	Traffic Accident Planning Experts
662902	Actuarial Services Consultancy
749053	Aviation Consultancy
749047	Railway Engineering Consultancy
749049	Health and Occupational Safety Consultancy
749040	Botany consulting
702001	Management Consultancy
749005	Weather forecasting activities
749033	Environmental Engineering Consultancy
749003	Environmental consulting
620204	Information Technology and Cyber Security Consulting
691004	Inheritance Consultancy
711003	Civil Engineering Consultancy
749056	Customs Consulting
749009	Translation and Proofreading Activities
749052	Space Consultancy
749048	Tourism Consulting
749029	Finance and Investment Consultancy
711009	Urban Engineering and architectural planning Consultations
661902	Providing consulting and financial research
749017	Information consultancy
749015	Economic consultancy
749028	Contracts Consultancy
321101	Manufacture of jewellery of precious metal or precious stones (include the formulation of gold and silver)
952902	Repair of goold and jewellery
321104	Manufacture of technical or laboratory articles of precious metal (except instruments and parts thereof)
477301	Retail sale in specialized stores of gold and jewellery
469001	Non-specialized wholesale trade of jewellery and precious articles
242002	Manufacture of wrought precious metals in lumps, grains, ingots, cast, bars, pellets etc. of gold, silver, platinum or platinum group metals (excluding jwellery)
321102	Manufacture of goldsmiths’ articles of precious metals: dinnerware, flatware, hollowware, toilet articles, office or desk articles, articles for religious use etc.
242003	Manufacture of metals coated, covered or mixed with clad precious metals: silver, gold or platinum rolled onto base metals
242001	Production and refining of unwrought precious metals: gold, silver, platinum etc. from ore and scrap
476307	Retail sale in specialized stores of camels supplies
464909	Wholesale of musical instruments, games and toys, sports goods
476306	Retail sale in specialized stores of vacation supplies
476302	Retail sale in specialized stores of fishing boats and fishing gear
773015	Renting of Drones / Model
476305	Retail sale in specialized stores of tents
476304	Retail sale in specialized stores of bicycles
476400	Retail sale of games and toys in specialized stores
331218	Repair and maintenance of hand trucks and wheelbarrows
477321	Retail sale in specialized stores of buoys, buffers and marine equipment
477363	Retail Sale in Specialized Stores of Drones / Model
476303	Retail sale in specialized stores of equestrian equipment
952903	Repair of bicycles
464106	Wholesale of tents
772103	Renting of all Types of Bicycles
772106	Renting of Kids Strollers
477346	Retail Sale in Specialized Stores of Domestic Appliance (Electronic and Electric Equipment)
477310	Retail sale in specialized stores of coal and firewood
475901	Retail sale in specialized stores of household furniture
952401	Renovation and repair of wooden furniture
475906	Retail sale in specialized stores of metal , iron, wooden and paper (cartoon) boxes
465903	Wholesale of sewing machines
464907	Wholesale of household tools and utensils: kitchenware, glassware etc.
475301	Retail sale in specialized stores of carpets and rugs
475903	Retail sale in specialized stores of household appliances (refrigirators, kitchen equipment etc.)
475302	Retail sale in specialized stores of curtains and net curtains
952103	Repair and maintenance of consumer electronics (including television, radio receivers and cd players)
474202	Retail sale in specialized stores of satellite recivers
464911	Wholesale of Plastic and Rubber Products
475908	Retail sale in specialized stores of musical instruments
477322	Retail sale in specialized stores of sewing machines
475904	Retail sale in specialized stores of various household tools and utensils
474201	Retail sale in specialized stores of household appliances (radio, television etc.)
465907	Wholesale of packaging tools and equipments
952402	Renovation and repair of non-wooden furniture
772903	Renting of electrical home appliances and household items
477337	Retail Sale in Specialized Stores of Plastic and Rubber Products
464901	Wholesale of furniture
464902	Wholesale of household appliances, radio, television etc.
952201	Repair and maintenance of refrigerators, washing machines and air conditioners)
265103	Manufacture of sensitive balances and non-optical microscopes
331304	Repair and maintenance of irradiation, electromedical and electrotherapeutic equipment
271001	Manufacture of ac or dc electrical generator set
273102	Manufacture of fiber optic cable for live transmission of images
264001	Manufacture of television reception devices and accessories such as: television, television receivers etc.
279007	Manufacture of electrical signs and electrical signalling equipment such as traffic lights and pedestrian signalling equipment
272003	Manufacture of electric accumulators, including parts thereof
331221	Repair and maintenance of office machinery and equipment, except computers and peripheral equipment
282903	Manufacture of printing and machines for activities supporting printing on a variety of materials
261002	Manufacture of bare printed circuit boards and loading of components onto printed circuit boards
274003	Manufacture of Electric Heating Blocks
265107	Manufacture of consumption meters (e.g. water, gas)
332014	Installation of mainframes and similar computers, other office machinery
264002	Manufacture of reception apparatus for radio - broadcasting: audio recording and duplicating systems, radio receivers, stereo equipment
263005	Manufacture of television cameras
261007	Manufacture of printer cables, monitor cables, usb cables, connectors etc.
261009	Manufacture of electronic valves and tubes such as: television pictures tubes, pictures capacitors and transformers
331915	Repair and Maintenance of Self-service Machines
272002	Manufacture of dry cell batteries
261006	Manufacture of electronic connectors and switches
279003	Manufacture of battery chargers, solid-state
275003	Manufacture of equipment for preparing food: grinders, blenders, juice squeezers and tin openers
261004	Manufacture of technical laminates used to produce printed circuit boards
331305	Repair and maintenance of measuring, testing, navigating and control equipment
264006	Manufacture of video game consoles
331402	Repair and maintenance of electric welding, brazing or soldering equipment
262000	Manufacture of computers and peripheral equipment
265106	Manufacture of setting or automatic controls instruments such as: thermostats, pressure controller etc.
272004	Manufacture of lead acid accumulators, nickel acid accumulators etc.
264003	Manufacture of Video Equipment, Cameras and their Accessories, and other Image display devices
267002	Manufacture of optical microscopes including those prepared for microscopic imaging, photomicrography and micro-projection
279008	Manufacture of electrical capacitors and condensers: fixed, variable or adjustable
952904	Repair of musical instruments
275001	Manufacture of refrigerators, freezers, washing and drying machines and household-type fans
279009	Manufacture of fixed resistors, variable resistors and potentiometers standards etc.
322003	Manufacture of instrument parts and accessories
331306	Repair and maintenance of industrial process control equipment
281506	Manufacture of permanent mount non-electric household heating equipment, such as solar heating, steam heating, oil heat and similar furnaces and heating equipment
281902	Manufacture of industrial refrigerating or freezing equipment, including assemblies of major components
265201	Manufacture of watches and clocks of all kinds, including watches made of precious metals
281501	Manufacture of melting furnaces and electric and non-electric furnaces and ovens for smelting purposes and other heat treatment of metallic and non-metallic ores and other materials
273200	Manufacture of other electronic and electric wires and cables
321201	Manufacture of metal watch bands (except precious metal)
263002	Manufacture of radio and television broadcasting equipment
331404	Repair and maintenance of electric motors, generators, transformers etc.
265108	Manufacture of physical properties testing and inspection equipment, pneumatic gauges, pressure or fluid density measurement devices etc.
271003	Manufacture of electric rotary transformers
261011	Manufacture of Robots and Artificial Intelligence Devices
275002	Manufacture of vacuum cleaners, space heaters, electric water heaters, floor polishers etc.
281504	Manufacture of mechanical stokers, grates, ash dischargers etc.
279001	Manufacture of electrical welding and soldering equipment, including hand-held soldering irons
331217	Repair and maintenance of dictating machines
274004	Manufacture of Lanterns
263001	Manufacture of burglar and fire alarm systems
331303	Repair and maintenance of digital cameras
281905	Manufacture of packing and wrapping machinery: filling, closing, sealing, capsuling, labeling machines etc. and machinery for cleaning or drying bottles and for aerating beverages
275004	Manufacture of electric shavers, electric toothbrushes, electric dryers, combs, brushes, curlers etc.
273303	Manufacture of electrical devices for circuit interrupters and for switching or protecting electrical circuits (electrical circuits electric switches, fuses, lightning arresters, volts determinants, switch boxes etc.)
331302	Repair and maintenance of gps equipment
281503	Manufacture of liquid, gaseous or solid fuel burners (non-electric cooking ovens)
274005	Manufacture of Non-Electrical Lighting Equipment
331407	Repair and maintenance of electric and electronic wires and cables (except computer cables)
273301	Manufacture of plastic non current-carrying wiring devices including plastic junction boxes, face plates, and similar
259917	Manufacture of Metal Lamps
332016	Installation of communication equipment
331307	Repair and maintenance of optical instruments and photographic equipment (except household goods)
281505	Manufacture of electric household-type furnaces (electric forced air furnaces, heat pumps etc.), non-electric household forced air furnaces
279006	Manufacture of appliance cords, extension cords, and other electrical cord sets with insulated wire and connectors
271002	Manufacture of multi-purpose electric motors and generators
261001	Manufacture of computer modems
273101	Manufacture of fiber optic cable for data transmission
267003	Maufacture of scientific or medical elements of glass, quartz, plastics or metal.
282905	Manufacture of machines to assemble electric or electronic lamps, tubes (valves) or bulbs
267001	Manufacture of lenses, prisms, optical mirrors make up the visual elements, filters colors etc.
265102	Manufacture of gps devices
265104	Manufacture of devices for measuring electrical and non-electrical quantities such as: detectors vibrations and monitoring instruments, phone jamming gauges etc.
331410	Repair and maintenance of other electrical equipment
331408	Repair and maintenance of batteries and chargers
264004	Manufacture of microphone, loudspeaker, headphone, earphones, amplifiers and sound amplifier sets
267004	Manufacture of optical instruments such as binoculars, monocular, other optical telescopes and their mountings and optical astronomical instruments.
281904	Manufacture of filtering or purifying machinery and apparatus for liquids, distilling or rectifying plant, centrifuges, machinery for liquefying air or gas and sandblasting machines
273302	Manufacture of current-carrying wiring devices
265110	Mancfacture of Radition Detection and Monitoring Instruments
263006	Manufacture of infrared devices (e.g. remote controls) and pagers
279010	Manufacture of Alternative Energy Generating Cells
263004	Manufacture of telephone equipment, including telephone answering and pabx telephone
272001	Manufacture of Wet Cell Batteries and Primary Cells
279004	Manufacture of solid state inverters and rectifying apparatus
261003	Manufacture of dice or wafers, semiconductor, finished or semi-finished
281909	Manufacture of attic ventilation fans (gable fans, roof ventilators etc.)
265202	Manufacture of time-recording equipment and equipment for measuring, recording and otherwise displaying intervals of time
274001	Manufacture of Motor Vehicles Light Bulbs
263003	Manufacture of signal transmitters and receivers for telephone and telegraph
331914	Restoring of organs and other historical musical instruments
265111	Manufacturing Flight Simulators
265109	Manufacture of devices used in continuous automated measurement and control variables: hermometers liquid-in-glass and bimetal types (except medical), humidistats, pressure or viscosity measuring devices etc.
331301	Repair and maintenance of pulse generators
331409	Repair and maintenance of electric lighting equipment
331403	Repair and maintenance of ultrasonic cleaning machines (except laboratory and dental)
321105	Manufacture of precious metal watch bands
263007	Manufacture of cinematography devices, image capture devices, imaging devices underwater, aerial imaging devices etc.
265101	Manufacture of pulse (signal) generators
281901	Manufacture of weighing machinery (other than sensitive laboratory balances): household and shop scales, platform scales, scales for continuous weighing, weighbridges, weights etc.
261005	Manufacture of inductors (e.g. chokes, coils, transformers), electronic component type
331405	Repair and maintenance of battery chargers
281903	Manufacture of air-conditioning machines, including for motor vehicles
331909	Repair of orthopedic and prosthetic devices, gas masks
274002	Manufacture of Light Bulbs (Home, Tableware, Pocket … Etc.)
268000	Manufacture of magnetic and optical media
261010	Manufacture of diodes, transistors and related discrete devices
264005	Manufacture of compact discs (cds)
271004	Manufacture of electrical switchboards (including control panels)
275006	Manufacture of domestic non-electric cooking and heating equipment: non-electric space heaters, cooking ranges, grates, stoves, water heaters, cooking appliances, plate warmers
331912	Repair of pinball machines and other coin-operated games
331411	Repair and maintenance of solid-state fuel cells, power supplies; non-electronic electric components, such as non-electronic capacitors, resistors etc. (e.g. power capacitors)
265105	Manufacture of meteorological instruments, navigation equipment, surveying instruments etc., radar equipment
279002	Manufacture of ultrasonic cleaning machines (except laboratory and dental)
331308	Repair and maintenance of cameras (except digital cameras)
331911	Repair of parking meters, time clocks, time/date stamps, time locks, and similar timing devices
281502	Manufacture of electrical and industrial and laboratory furnaces, ovens and heaters
331406	Repair and maintenance of electricity distribution and control apparatus
331401	Repair and maintenance of plastic non current carrying wiring devices (junction boxes, face plates etc.)
331910	Repair of laboratory sterilizers and laboratory type distilling apparatus
332017	Installation of irradiation and electromedical equipment etc.
275005	Manufacture of cooking and heating equipment: electric ovens, microwave ovens, cookers, hotplates, toasters, coffee or tea makers etc.
475102	Retail sale in specialized stores of clothing accessories
477304	Retail sale in specialized stores of souvenirs, paintings, antiques and gifts
475902	Retail sale in specialized stores of blankets, sheets and linens
477106	Retail sale in specialized stores of women abaya and sheila
477202	Retail sale in specialized stores of perfumes, cosmetics, toilet soap and bakhoor
478200	Retail sale via stalls and markets of textiles, clothing and footwear
477104	Retail sale in specialized stores of omani masar and kumah
464104	Wholesale of haberdashery: needles, sewing thread etc.
477308	Retail sale in specialized stores of cleaning materials
469003	Wholesale Trade of Gifts
477101	Retail sale in specialized stores of ready-made garments
464101	Wholesale of fabrics
477107	Retail sale in specialized stores of wedding dresses
952300	Repair and Washing of Shoes and Leather Products
477103	Retail sale in specialized stores of bags, leather goods and travel accessories
475101	Retail sale in specialized stores of textiles and fabrics
464102	Wholesale of clothing and clothing accessories
477311	Retail sale in specialized stores of artificial jewelry
477353	Retail sale in specialized stores of greeting and invitation cards
477349	Retail sale in specialized stores of beauty and cosmetics shops equipments and tools
464910	Wholesale of Frankincense
477302	Retail sale in specialized stores of watches and clocks
464908	Wholesale of perfumes and cosmetics
464103	Wholesale of blankets, linens and bedspreads
464906	Wholesale of photographic,optical goods and watches
464105	Wholesale of footwear
952901	Repair of watches, clocks and their parts
477340	Retail sale in specialized stores of ceremony and wedding requirements
466904	Wholesale of soap and detergents
477105	Retail sale in specialized stores of children clothing and accessories
477102	Retail sale in specialized stores of footwear
829204	Parcel-packing and gift-wrapping
476308	Retail Sale of Boats and Yachts
464905	Wholesale of paper, paper board, stationery, books, magazines and newspapers
773005	Renting of office machinery and equipment without operator
476103	Retail sale in specialized stores of new books, newspapers and magazines
476301	Retail sale in specialized stores of sports goods and colths
581906	Publishing of statistics and others on the internet
581903	Publishing of calendars and schedules
581901	Publishing of photos and engravings
476102	Retail sale in specialized stores of stationery
476101	Retail sale in specialized stores of office supplies and equipments
581904	Publishing of Forms and Posters
469002	Non-specialized wholesale trade of stationary and films
581304	Publishing of newspapers and other journals on the internet
581103	Publishing of books on the internet
581303	Publishing of schedules for radio and television programs, sports and similar time schedules
581905	Micro-publishing of materials by microfilm, albums etc.
581202	Publishing of directories and mailing lists on the internet
476104	Retail sale in specialized stores of calligraphers and painters supplies
581302	Publishing of scientific, literary and technical periodicals etc.
581201	Publishing of directories and mailing lists
581902	Publishing of postcards and greeting cards
581102	Publishing of atlases and maps
581301	Publishing of newspapers, magazines and journals
581101	Publishing of books, brochures, text books and other publications
466908	Wholesale of banners work supplies
477327	Retail sale in specialized stores of petroleum industries equipment
466905	Wholesale of industrial chemicals
451002	Sale of used (second-hand) motor vehicles
477365	Sale of Railway Locomotives and Spare Parts
454001	Sale of motorcycles and related parts and accessories
451004	Sale of Camping Vehicles and Motor Homes
451003	Sale of Trucks, Trailers and Equipment
451001	Sale of new motor vehicles
477332	Retail sale in specialized stores of laboratory and educational materials
477359	Retail sale in Specialized Stores of Airports Equipment
477343	Retail sale in specialized stores of ports equipment
477333	Retail sale in specialized stores of environment pollution-fighting equipment
477364	Retail Sale in Specialized Stores of Petroleum and Chemical Containers
475907	Retail sale in specialized stores of hotels, restaurants and kitchen equipment
477339	Retail Sale in Specialized Stores of Residential Mobile Containers (Caravans) and Prefab Homes
465904	Wholesale of construction, civil and petroleum engineering machinery and equipment (including heavy equipment)
477342	Retail Sale in Specialized Stores of Equipment of Construction, Building, Petroleum Civil Engineering and Heavy Equipment and its Maintenance
477331	Retail sale in specialized stores of agricultural laboratory apparatus
477317	Retail sale in specialized stores of pring press machinery and equipment
477335	Retail Sale in Specialized Stores of Cooling Chambers, Coolers and their Doors
477318	Retail sale in specialized stores of measurement devices and control apparatus
465902	Wholesale of industrial machinary such as carpentry machines and sawmills
477326	Retail sale in specialized stores of supply services equipment and tools
477325	Retail sale in specialized stores of road services equipment and tools
477350	Retail sale in specialized stores of factories machinery and equipment
471101	Consumer Cooperative
471104	Coldstores
471102	Central markets and the like
471901	Comsumer commercial complexes
471103	Groceries
471105	Commissary
749010	Operation and marketing of duty free markets
471106	Express Shopping
477305	Retail sale in specialized stores of natural flowers and plants
462004	Wholesale of hides and skins, leather etc.
477319	Retail sale in specialized stores of water pumping equipment
477206	Retail sale in specialized stores of natural herbs
477361	Retail sale in specialized stores of Fertilizers
465300	Wholesale of agricultural machinery, equipment and supplies
773003	Renting of agricultural machinery and equipment without operator
477307	Retail sale in specialized stores of birds, pets and ornamental fish and accessories
466902	Wholesale of Pesticides
462001	Wholesale of seeds, grains, oleaginous fruits and plants
477328	Retail sale in specialized stores of agricultural materials and equipment
462007	Wholesale of animal and poultry feed
477358	Retail sale in specialized stores of Pesticides
477306	Retail Sale in Specialized Stores of Seeds
477334	Retail sale in specialized stores of animal feeds
465901	Wholesaling of pumps, electricity generators and their supplies
466901	Wholesale of Fertilizers and Soil Conditioner
477344	Retail sale in specialized stores of agricultural machinery, electrical pumps and generators and supplies
477207	Retail sale in specialized stores of medical herbs
477362	Retail Sale in Specialized Stores of Artificial Flowers and Plants
016103	Providing agricultural machinery with operators
477336	Retail sale in specialized stores of water purification kits and equipment
479902	Home Food Outlet
472110	Retail sale in specialized stores of poultry (slaughtered)
463005	Wholesale of sugar, tea, coffee, cocoa, spices and salt
472102	Retail sale in specialized stores of dairy products, eggs, olives and pickles
472106	Retail sale in specialized stores of nuts, coffee, spices and perfumery
462006	Wholesale of legumes
463006	Wholesale of sugar confectionery and bakery products
463002	Wholesale of dairy products and eggs
472101	Retail sale in specialized stores of fresh fruit, vegetables and dates
463009	Wholesale of fish products
463007	Wholsale of tobacco products
477356	Retail sale in specialized stores for apiary supplies
472107	Retail sale in specialized stores of omani halwa
463004	Wholesale of fresh, chilled and frozen meet
472104	Retail sale in specialized stores of fish and other sea foods and products thereof
462005	Wholesale of fish and sea creatures
463010	Wholesale of miscellaneous food products (including drinks)
472108	Retail sale in specialized stores of honey
472109	Retail sale in specialized stores of special and healthy foods
472203	Retail sale in specialized stores of drinking water (excluding production and transport)
472103	Retail sale in specialized stores of meat and meat proucts
478100	Retail sale via stalls and markets of food, beverages and tobacco products
463003	Wholesale of edible oils and fats of animal or vegetable origin
463001	Wholesale of fruit and vegetables
463008	Wholesale of soft drinks, juices and mineral water
472105	Retail sale in specialized stores of bakery products and sugar confectionery (excluding bakeries)
472300	Retail sale of tobacco products in specialized stores
472202	Retail sale in specialized stores of beverages and drinks (soft drinks and hot drinks)
475210	Retail sale in specialized stores of water tanks and accessories
773008	Renting of mining and oilfield machinery and equipment
464903	Wholesale of lighting equipment
477309	Retail sale in specialized stores of pipes and their supplies
466201	Wholesale of Ferrous and Non-Ferrous Metal Ores
475204	Retail sale in specialized storesk of sanitaryware and their fittings
475209	Retail sale in specialized stores of doors and windows
466308	Wholesale of miscellaneous construction materials
466309	Sale of ornamental stones (décor stones)
773004	Renting and of construction and civil-engineering machinery and equipment without operator
477314	Retail Sale of Alternative Energy Equipment and Devices
466903	Wholesale of varnishes and polishing materials
466306	Wholesale of industrial ceilings, insulation materials, metal manufactures, windows and doors ... etc.
466203	Wholesale of Ferrous and Non-Ferrous Metals
466310	Wholesale of wallpaper and floor coverings
773007	Renting, without operator, of other machinery and equipment that are generally used as capital goods by industries
466303	Wholesale of sanitary equipment, sanitary installation equipment and water tanks
475303	Retail sale in specialized stores of wallpaper and floor coverings
466305	Wholesale of Blocks, Tiles and Marbles
475203	Retail sale in specialized stores of paints, varnishes and lacquers
439006	Renting of construction machinery and other equipment with operator
466202	Wholesale Segments and Withdrawals Aluminum, Ferrous and Non-Ferrous
475201	Retail sale in specialized stores of hardware, carpentry and blacksmithing tools and aluminium
773009	Renting of commercial and professional machinery
439008	Renting of construction or demolition equipment with opera
466307	Wholesale of paints
475905	Retail sale in specialized stores of articles for lighting
466304	Wholesale of electric tools and their fittings
475211	Retail sale in specialized stores of prefabricated swimming pools
475205	Retail sale in specialized stores of electrical equipments and their fittings
466302	Wholesale of cement; gypsum and plaster
475207	Retail sale in specialized stores of construction materials
477341	Retail sale in specialized stores of artificial grass
466105	Wholesale of Asphalt and Tar
466301	Wholesale of wood
477315	Retail sale in specialized stores of tools and equipment for fire extinguishing, safety and security
439005	Renting of cranes with operator
475202	Retail sale in specialized stores of glass
466311	Wholesale of sand, gravel and rocks
475206	Retail sale in specialized stores of decorative products (décor), industrial roofing and insulation materials
823001	Organization and management of exhibitions and trade shows
900006	Event planning and organizing
900002	Production of concerts
823002	Organization of conventions, conferences and meetings
799003	Ticket sales activities for amusement and entertainment events
931102	Organization and operation of sports events
823003	Organization and management of festivals
900001	Production of theatrical presentations
562102	Hospitality Services
799002	Ticket sales activities for theatrical events
799004	Ticket sales activities for sports events
390001	Disposal of Industrial Waste
381202	Disposal of Military Waste
381201	Collection of Hazardous Waste
383007	Processing, Shredding and Recycling of Tires
101010	Processing of Food Waste
101009	Processing of Animal and Poultry Offal
812100	General cleaning of buildings
390004	Carbon Dioxide Sequestration Services
382102	Destruction of paper and electronic documents
383008	Processing and Recycling of Oil Waste
383005	Manufacture of intermediate goods from non-metal waste and scrap
382202	Processing and Recycling of Battery
383001	Processing and treatment of metal waste and scrap and other articles into secondary raw materials
383002	Manufacture of intermediate goods from metal waste and scrap
382201	Treatment and disposal of hazardous waste
812901	Specialized Cleaning and Facility Support
370002	Sewage treatment
390002	Treatment of Hazardous Materials Contaminated with Radiation
383004	Processing and treatment of non-metal waste and scrap and other articles into secondary raw materials
812903	Street sweeping
812904	Tank and Container Cleaning Services
439004	Steam cleaning, sand blasting and similar activities for building exteriors
390003	Combating Marine Pollution
383003	Other activities related to metal waste and scrap recycling
381101	Collection of refuse
381102	Collection of Recyclable Materials
812902	Pest insects and rodents
811000	Combined facilities support activities
382103	Collection of used batteries and oils
813001	Installation, plant and maintenance of garden
910304	Operation of Butterfly Gardens
910303	Operation of Zoological Gardens
910301	Operation of Botanical and Flowers Gardens
181203	Production of print slabs, stones, cylinders and so forth from other media used in printing and other impressed media for use in printing in another unit
601001	Radio broadcasting activities over the internet (internet radio stations)
181102	Printing of books, text books, music pamphlets and brouchurs
182003	Reproduction of sound and video recordings by computer
591202	Activities of stock footage film libraries
772200	Renting of video tapes and disks
591400	Motion picture projection activities
182002	Reproduction records, compact discs and tapes with motion pictures and other video recordings
900005	Activities of independent journalists
731001	Publicity and advertising agencies and establishments
592001	Publishing of cassette tapes and audio cds
591102	Production of television programmes or television commercials
602001	Television broadcasting activities over the internet
181201	Binding of books
592002	Music publishing on the internet
181110	Digital printing
592004	Production of taped (i.e. non-live) radio programming
182005	Reproduction of Software
181202	Processing of printing letters
592003	Sound recording service activities
781003	Activities of casting agencies and bureaus, such as theatrical casting agencies
639100	News agency activities
181103	Printing of maps and atlases
181104	Printing of advertising, posters, calendars, personal cards, wedding cards, playing cards etc.
181109	Printing on metals
591101	Production of motion pictures and videos
476200	Retail sale of music and video recordings in specialized stores
170909	Manufacture of albums, commercial stationery and the similar
182004	Reproduction of floppy, hard or compact discs
613001	Radio and television transmission services
182001	Reproduction of compact discs and tapes with music or other sound recordings
932904	Casting activities
829903	Information materials and programmes
591300	Motion picture, video and television programme distribution activities
181101	Printing of newspapers, magazines and other periodicals
181107	Engraving on metal or plastic plates (zincography)
182006	Reproduction of movies
181108	Unspecialized printing presses
181106	Printing by duplication machines, computer printers, embossers etc.
601002	Radio broadcasting activities (except over the internet)
591201	Motion pictures and videos post-production activities
731002	Promotion and marketing of goods
181105	Printing of postage stamps, taxation stamps, documents of title, cheques, other security papers and currency on account of the state
602002	Television broadcasting and television programme
329011	Manufacture of pens and pencils of all kinds whether or not mechanical; manufacture of pencil leads
281706	Manufacture of mail handling machines (envelope stuffing, sealing and addressing machinery; opening, sorting, scanning)
281707	Manufacture of dictating machines
281704	Manufacture of calculating machines
281911	Manufacture of levels, tape measures and similar hand tools, machinists’ precision tools (except optical)
329012	Manufacture of date, sealing or numbering stamps, hand-operated devices for printing, or embossing labels, hand printing sets, prepared typewriter ribbons and inked pads, fine artists tools and supplies
281708	Manufacture of blackboards
281703	Manufacture of stencil duplicating machines, addressing machines and sheet-fed office-type offset printing machines
329004	Manufacture of globes
281701	Manufacture of toner cartridges
281705	Manufacture of coin counting machinery, postage meters, collating machinery, staplers, staple removers and hole punches
202207	Manufacture of printing ink
281702	Manufacture of white boards and marker boards
202909	Manufacture of writing and drawing ink
108001	Manufacture of feeds for animals (feed concentrates, cattle feed)
201202	Manufacture of associated nitrogen products: nitric and sulphonitric acids, ammonia, ammonium chloride, ammonium carbonate, nitrites and nitrates of potassium
108003	Manufacture of feeds for pets (dogs, cats, fish)
202913	Manufacture of Urea Solution
201205	Manufacture of potassic fertilizers
201204	Manufacture of phosphatic fertilizers
108004	Manufacture of milk alternatives for feeding young animals
201206	Manufacture of Agricultural Soil Conditioners
382101	Production of Compost from Organic Materials
201201	Manufacture of urea, crude natural phosphates and crude natural potassium salts
108002	Manufacture of feeds for birds and poultry
201203	Manufacture of nitrogenous fertilizers
141012	Manufacture of men's cloaks (bisht) and shawls of hair and wool
141014	Manufacturing of Massar and Shammagh
203001	Manufacture of synthetic or artificial filament yarn, such as nylon and polyster yarn
141009	Manufacture and tailoring of other men, women and children clothing
141002	Manufacture of ready-made wearing apparel for women and girls
139205	Manufacture of tents, sails, sunblinds and covers for cars, machines, furniture etc.
139903	Manufacture of narrow woven fabrics
131102	Preparation and spinning of artificial yarns such as nylon
139208	Manufacture of textile headliners, panels, seat belts
142001	Manufacture of fur wearing apparel and clothing accessories
139203	Manufacture of blankets and rugs for praying and travelling
139904	Manufacture of tulles and other net fabrics, and of lace and embroidery
139206	Hand embroidery and jacquard
139303	Manufacture of mats from cotton or synthetic fibers
141007	Tailoring of sportswear
221909	Manufacture of Artificial Sponge
143001	Manufacture of Knitted and Crocheted Underwear
131303	Waterproofing and coating of textiles
139902	Manufacture of powder puffs and mitts
139302	Manufacture of moquette
139906	Manufacture of metallized yarn or gimped yarn and fabrics impregnated, coated, covered or laminated with plastics
139901	Manufacture of manufacture of labels, badges etc. and ornamental trimmings
131200	Weaving of textiles
131103	Manufacture of yarn or thread for weaving or sewing
139202	Manufacture of curtains (including tailoring)
141001	Manufacture of ready-made wearing apparel for men and boys
131301	Bleaching and dyeing of textile fibres
141005	Tailoring of non-arab menswear
139301	Manufacture of carpets and rugs
141003	Manufacture of ready-made wearing apparel for babies (boys, girls)
141006	Tailoring of arabic and non-arab women's clothes
203002	Manufacture of synthetic or artificial monofilament or strip
141011	Manufacture of women's abia (gown)
141010	Manufacture of omani kimmah
131101	Preparation and spinning of cotton or wool
139101	Manufacture of all types of knitted and crocheted fabrics
131104	Spinning and weaving of vegetable fibres such as hemp or flax
143002	Manufacture of knitted and crocheted wearing apparel (pullovers, cardigans, jerseys, waistcoats and similar articles)
141004	Tailoring of arabic menswear (menswear tailoring shops)
131304	Waterproofing of garments
139402	Manufacture of ropes and cables of textile fibres
131302	Preparing textiles, textile articles and yarns (by dressing, drying, steaming, shrinking, mending, sanforizing, mercerizing of textiles and textile articles)
139207	Manufacture of bags,cases, flags, banners, umbrellas etc. of textiles
143003	Manufacture of hosiery, including socks, tights and pantyhose
142002	Manufacture of articles of artificial fur (excluding hats)
139907	Manufacture of textile wicks, hosepiping, transmission or conveyor belts or belting (whether or not reinforced with metal or other material)
141013	Tailoring of Medical Uniforms
141008	Tailoring of Military Uniforms and Shoes
139204	Manufacture of dust cloths, dishcloths and similar articles
139201	Manufacture of furnishing articles, upholstery and stuffed household items such as bed, table, toilet or kitchen linen, quilts, eiderdowns, cushions, pouffes, pillows, sleeping bags etc.
139905	Manufacture of felt (impregnated or covered)
139401	Manufacture of cordages
932905	Aviation practice Club
931201	Sports clubs
931101	Fitness centers
931203	Shooting Clubs
931901	Activities of stables
931202	Equestrain clubs, camel race, hunting / shooting clubs
522907	Continuing Airworthiness Management Organization (CAMO)
259910	Manufacture of metal hair curlers and combs
282201	Manufacture of machine tools for working metals and other materials (wood, bone, stone, hard rubber, hard plastics, cold glass etc.), including those using a laser beam, ultrasonic waves, plasma arc, magnetic pulse etc.
259101	Manufacture of finished or semi-finished metal products by forging, pressing, stamping, roll-forming
259305	Manufacture of interchangeable tools for hand tools, whether or not power-operated, or for machine tools: drills, punches, milling cutters etc.
282203	Manufacture of stamping or pressing machine tools; punch presses, hydraulic presses, hydraulic brakes, drop hammers, forging machines etc.
282911	Manufacture of roundabouts, swings, shooting galleries and other fairground amusements
241004	Manufacture of blooms, billets, states or other forms of steel or alloy steel, rolled, drawn extruded or forged iron, steel or alloy steel products
282406	Manufacture of tracklaying tractors and tractors used in construction or mining
282407	Manufacture of bulldozer, angle-dozer, off-road dumping trucks, earth-moving machinery, graders, scrapers, levellers, mechanical shovels, shovel loaders etc.
239905	Manufacture of friction material from asbestos or other mineral substences
241003	Manufacture of products of iron or steel, stainless etc. by stretching or hearth processes
251101	Manufacture of structural metal products and parts thereof (towers, masts, trusses, bridges etc.)
259904	Manufacture of metal containers used in transport and packing of goods, such as: pails, cans, drums, buckets, boxes, tins and cans for food products and collapsible tubes and boxes
259912	Manufacture of metal vacuum jugs and bottles, metal umbrella handles and frames
251203	Manufacture of reservoirs, tanks and similar containers of metal
239903	Manufacture of articles of non-metallic yarn or fabric such as headgear, footwear, cords etc.
251302	Manufacture of auxiliary plant for use with steam generators: condensers, economizers, superheaters, steam collectors and accumulators
251102	Manufacture of prefabricated structure for oil refineries and industrial units
282302	Manufacture of metal-rolling mills and rolls for such mills
282205	Manufacture of power-driven hand tools, stationary rotary or rotary percussion drills, filing machines, riveters, sheet metal cutters etc.
259907	Manufacture of metal goods for office use, except furniture
251104	Manufacture of metal welded rebar networks and metal isolated walls
282206	Manufacture of presses for the manufacture of particle board and the like
259915	Manufacture of metal extensions of air-conditioning ducts
282404	Manufacture of pile drivers and pile extractors, mortar spreaders, bitumen spreaders, concrete surfacing machinery and construction machines n.e.c.
259301	Manufacture of domestic cutlery such as knives, forks, spoons etc.
241001	Manufacture of primary ferrous metal products in granular or powder form in the form of pigs, blocks or lumps from ore or scrap
282402	Manufacture of boring, cutting, sinking and tunnelling machinery (whether or not for underground use)
239906	Manufacture of millstones, sharpening or polishing stones and natural or artificial abrasive products, including abrasive products on a soft base (e.g. sandpaper)
259306	Manufacture of vices, clamps, blacksmiths’ tools ( forges, anvils etc.)
282405	Manufacture of bulldozer and angle-dozer blades and other parts of machinery for mining, quarrying and construction
251201	Manufacture of central heating boilers and radiators
282403	Manufacture of machinery for treating minerals by screening, sorting, separating, washing, crushing etc.
259902	Manufacture of metal cable, plaited bands and similar articles made of iron, steel, aluminium or copper
259905	Manufacture of metal household articles: flatware (plates, saucers etc.), hollowware (pots, kettles etc.), dinnerware ( bowls, platters etc.), saucepans, frying pans, other non-electrical utensils for use at the table or in the kitchen, small hand-operated kitchen appliances and accessories, metal scouring pads, baths, sinks, washbasins and similar articles
241005	Manufacture of Pipes, Tubes and their Supplies from Iron or Steel
242004	Smelting and rolling drag and purification of non-ferrous metal ore (excluding precious metals) such as copper, lead, zinc chrome, tin, aluminum etc. and mixtures of these metals
239901	Manufacture of mineral insulating materials: slag wool, rock wool and similar mineral wools; exfoliated vermiculite, expanded clays and similar heat-insulating, sound-insulating or sound-absorbing materials
259903	Manufacture of articles made of wire: barbed wire, wire fencing, grill, netting, cloth etc.
259906	Manufacture of springs (except watch springs), safes, strongboxes, armoured doors, metal signs and lighting columns and booths
282208	Manufacture of electroplating machinery
259309	Manufacture of moulding boxes and moulds (except ingot moulds)
242005	Production of aluminum oxide (alumina) or half-raw metals of nickel or copper
259302	Manufacture of razors and razor blades
259304	Manufacture of saws and saw blades, nives and cutting blades for machines or for mechanical appliances
282202	Manufacture of machine tools for turning, drilling, milling, shaping, planing, boring, grinding etc.
282204	Manufacture of stationary machines for nailing, stapling, glueing or otherwise assembling wood, cork, bone, hard rubber, plastics etc.
259307	Manufacture of Padlocks, Locks and Keys
259908	Manufacture of various metal articles: ship propellers and blades thereof, anchors, bells, assembled railway track fixtures, clasps, buckles, hooks, welding skewers, metal frames, chain etc.
259901	Manufacture of metal staples such as nails, pins, rivets, washers and similar non-threaded products
251301	Manufacture of steam or other vapour generators
259913	Manufacture of metal signs and car plates
251202	Manufacture of metal containers for compressed or liquefied gas
243102	Manufacture of tubes, pipes and hollow profiles and of tube or pipe fittings of castiron, manufacture of seamless tubes and pipes of steel by centrifugal casting, manufacture of tube or pipe fittings of cast-steel
259102	Production of metal objects directly from metal powders
259303	Manufacture of Cutting and Shearing Tools
239904	Manufacture of asbestos yarn and fabric whether or not tailored
259914	Manufacture of metallic manhole covers
251103	Manufacture of prefabricated buildings mainly of metal
241002	Manufacture of iron of exceptional purity by electrolysis or other chemical processes, production of pig iron and spiegeleisen in pigs, blocks or other primary forms
242006	Manufacture of ordinary non-ferrous metal products such as powder, flakes, foil, plates, sheets, wire, tubes, pipes etc.
282207	Manufacture of parts and accessories for the machine tools listed above: work holders, dividing heads and other special attachments for machine tools
243201	Casting of non-ferrous metals such as aluminum, zinc, copper, etc. (finished and semi-finished products)
243101	Casting of iron and steel (finished or semi-finished products)
259916	Manufacture of metal roofs
292004	Manufacture of containers and removal trailers
309100	Manufacture of Electric Bicycles and Motorcycles
291002	Manufacture of chassis fitted with engines
293002	Manufacture of gearboxes
291003	Manufacture of motor vehicle engines
302002	Manufacture of mechanical and electromechanical signalling, safety and traffic control equipment for railways, tramways, inland waterways, roads, parking facilities, airfields etc.
293004	Manufacture of motor vehicles filters (all kinds)
292005	Manufacture of parts of trailors and semi-trailors
292002	Manufacture of trailers and semi-trailers: caravan trailers etc.
331506	Maintenance and minor repair of rolling stock
291001	Manufacture of all types of motor vehicles
331505	Repair and maintenance of animal drawn buggies and wagons
292003	Manufacture of tankers
293001	Manufacture of motor vehicle electrical equipment
292001	Manufacture of bodies, including cabs for motor vehicles
241006	Manufacture of railway track constrcution materials
331503	Repair and maintenance of locomotives and railroad cars (except factory rebuilding or factory conversion)
302001	Manufacture of railway locomotives and rolling stock
293003	Manufacture of brakes, axles, road wheels, suspension shock absorbers, radiators, silencers, exhaust pipes, catalytic converters, clutches, steering wheels, steering columns and steering boxes
293005	Manufacture of car seats
309902	Manufacture of wheeled baskets, handcarts and shopping carts
323004	Manufacture of leather sports gloves and sports headgear
323003	Manufacture of requisites for sport fishing, including landing nets; requisites for hunting, mountain climbing etc.
329013	Manufacture of umbrellas, sun-umbrellas, walking sticks, seat-sticks, brooms and brushes, floor sweepers, mops, feather dusters etc.
329014	Manufacture of articles of personal use: smoking pipes, scent sprays, vacuum flasks and other vacuum vessels for personal or household use, wigs, false beards, eyebrows
321103	Manufacture of coins, medals and decorations
309201	Manufacture of non-motorized bicycles and children’s bicycles and tricycles
322001	Manufacture of musical instruments, stringed instruments and keyboard stringed instruments (including automatic pianos)
309204	Manufacture of baby carriages
322002	Manufacture of percussion musical instruments (such as drums, tambourines etc.)
323001	Manufacture of ski-boots
282910	Manufacture of automatic bowling alley equipment (e.g. pin-setters)
324001	Manufacture of dolls and doll garments, parts and accessories; manufacture of action figures; manufacture of toy animals
324005	Manufacture of reduced-size (“scale”) models and similar recreational models, electrical trains, construction sets etc.; manufacture of puzzles and similar articles
324002	Manufacture of electronic games
202908	Manufacture of matches
324004	Manufacture of entertainment items such as table games, billiards and other games practiced in public places
309901	Manufacture of luggage trucks
309202	Manufacture of parts and accessories of bicycles
329015	Manufacture of miscellaneous articles: candles, tapers and the like; bouquets, wreaths and floral baskets; artificial flowers, fruit and foliage; jokes and novelties; hand sieves and hand riddles; tailors’ dummies; burial caskets etc.
324003	Manufacture of wheeled toys designed to be ridden, including plastic bicycles and tricycles (other than bicycles)
309203	Manufacture of invalid carriages with or without motor
321202	Manufacture of imitation jewellery
259911	Manufacture of metal badges and metal military insignia
324006	Manufacture of playing cards
323002	Manufacture of articles and equipment for sports, outdoor and indoor games, of any material
222015	Manufacture of rotomould products
222009	Manufacture of other plastic products, such as: plastic headgear, fittings for furniture, office or school supplies etc.
222014	Manufacture of combs, plastics hair curlers, plastics novelties
231007	Manufacture of glassware used in imitation jewellery
221905	Manufacture of hard rubber combs, hair pins, hair rollers, and similar
221907	Manufacture of rubber waterbed mattresses
231002	Manufacture of glassware used in construction, light bulbs, crystal and other glassware
282907	Manufacture of tire alignment and balancing equipment; balancing equipment (except wheel balancing)
222007	Manufacture of plastic articles for the packing of goods: plastic bags, sacks, containers, boxes, cases, carboys, bottles etc.
222017	Manufacture of plastic products from non-hazardous waste
331905	Repair of rubber products (except tyres)
221104	Manufacture of tyre parts, such as: interchangeable tyre treads, tyre flaps etc.
222005	Manufacture of plastic sanitary ware, such as: plastic baths, shower baths, washbasins, lavatory pans, flushing cisterns etc.
221103	Tyre retreading
221903	Manufacture of rubber plates, sheets, strip, rods, profile shapes
231009	Manufacture of glass fibres, including glass wool and non-woven products thereof
231001	Manufacture of glass in the form of blocks, slabs, pipes, rods, whether or not worked, with chemical formulations such as quartz, colored, tinted, toughened or laminated glass etc.
222003	Manufacture of rubber floor coverings in rolls or in the form of tiles etc.
222004	Manufacture of plastic products such as: plastic plates, sheets, blocks, film, foil, strip, pipes and hoses; hose and pipe fittings etc.
152002	Manufacture of men, women and children footwear of rubber, plastic or wood
222010	Manufacture of Pipes and their Supplies from Plastic and Rubber
231005	Manufacture of glass mirrors, safety glass including car glass and multiple-walled insulating units of glass; cutting of glass for manufacture of mirror
231003	Manufacture of kitchen tools, tableware, bottles and other containers of glass
231004	Manufacture of laboratory, hygienic, pharmaceutical glassware, clock or watch glasses, optical glass and optical elements not optically worked
221902	Manufacture of finished or semi-finished rubber products
222013	Manufacture of resilient floor coverings, such as vinyl, linoleum etc.
222006	Manufacture of Plastics Building Ware such as Windows, Doors, Curtains and Lighting Supplies
222002	Manufacture of plastic wallpaper
222008	Manufacture of plastic tableware, kitchenware and toilet articles
231008	Manufacture of glass fabrics, mats, mattresses and non-woven glass panels
331906	Repair of plastic products
231006	Manufacture of products of glass fibres
222011	Manufacture of polythene bags
222016	Manufacture of Plastics Insulating and Resistance Materials to Sound and Heat Leakage
221102	Tyre rebuilding
221904	Manufacture of rubber tubes, pipes, hoses and conveyor or transmission belts or belting
331907	Repair of glass and glass products
221105	Manufacture of “camelback” strips for retreading tyres
221101	Manufacture of rubber tyres for vehicles, equipment, mobile machinery, aircraft, toy, furniture and other uses: pneumatic tyres and solid or cushion tyres
281108	Manufacture of pistons and piston rings, inlet and exhaust valves etc. for aircraft engines
282401	Manufacture of continuous-action elevators and conveyors for underground use
282904	Manufacture of machinery for making wood products or similar industrial machinery and machinery for producing tiles, bricks, shaped ceramic pastes, pipes, graphite electrodes, blackboard chalk, foundry moulds etc.
331207	Maintenance of factory equipment
331208	Repair and maintenance of other general-purpose machinery
282106	Manufacture of diverse agricultural machinery: poultry-keeping machinery, bee-keeping machinery, equipment for preparing fodder etc.
282507	Manufacture of cooking machinery and ovens of all kinds which work by suppressed heat pressure (mandi) and frying and roasting equipment
332006	Installation of other general-purpose machinery
331211	Repair and maintenance of machinery for metallurgy
281111	Manufacture of gas turbines, except turbojets or turbo propellers for aircraft propulsion
281602	Manufacture of pulley tackle and hoists, winches, capstans and jacks
281907	Manufacture of equipment for projecting, dispersing or spraying liquids or powders; calendering or other rolling machines and cylinders thereof (except for metal and glass); manufacture of gaskets and similar joints made of a combination of materials or layers of the same material
282608	Manufacture of textile printing machinery
332001	Installation of steam generators
331103	Repair and maintenance of steam generators
331201	Repair and Maintenance of Marine Engines and Turbines
282105	Manufacture of spraying machinery for agricultural use
331210	Repair and maintenance of machine tools, except electrical welding and soldering equipment
282102	Manufacture of agricultural machinery for soil preparation, planting or fertilizing: ploughs, manure spreaders, seeders, harrows etc.
282602	Manufacture of machines for preparing textile yarns: reelers, warpers and related machines, weaving machines (looms), including hand looms, knitting machines and tanning machines
332012	Installation of machinery for textile, apparel and leather production
331205	Repair and maintenance of lifting and handling equipment (except lifts and escalators)
331215	Repair and maintenance of other special purpose machinery (except ultrasonic cleaning machines)
281910	Manufacture of desalination and water treatment equipment
281403	Other activities related to manufacture of bearings, gears, gearing and driving elements
281908	Manufacture of non-electrical welding and soldering equipment
281402	Manufacture of articulated link chain
281401	Manufacture of ball and roller bearings and parts thereof (including balls, needles, rollrs, races, retaining rings etc.)
332009	Installation of machinery for metallurgy
281601	Manufacture of simple and complex machines , fixed and mobile machines and portable machines on mobile lifting frames
332011	Installation of machinery for food beverage and tobacco processing
281203	Manufacture of hydraulic transmission equipment
282909	Manufacture of aircraft launching gear, aircraft carrier catapults and related equipment
332004	Installation of ovens and furnaces
332019	Installation of bowling alley equipment
281105	Manufacture of turbine-generator sets
281606	Manufacture of parts specialized for lifting and handling equipment
282104	Manufacture of milking machines
282908	Manufacture of semi-conductor manufacturing machinery
281603	Manufacture of derricks, cranes, mobile lifting frames, straddle carriers etc.
281110	Manufacture of hydraulic turbines, waterwheels and regulators thereof
281102	Manufacture of parts for engines (e.g. valves)
282604	Manufacture of machinery for fabric processing: machinery for washing, bleaching, dyeing, dressing, finishing, coating or impregnating textile fabrics and machines for reeling, unreeling, folding, cutting or pinking textile fabrics
331203	Repair and maintenance of bearings, gears, gearing and driving elements
282103	Manufacture of harvesting or threshing machinery: harvesters, threshers, sorters etc.; machines for cleaning, sorting or grading eggs, fruit etc.
281104	Manufacture of carburetors
282502	Manufacture of machinery for the grain milling industry: machinery to clean, sort or grade seeds, grain or dried leguminous vegetables (winnowers, sieving belts, separators, grain brushing machines etc.) and machinery to produce flour and meal etc. (grinding mills, feeders, sifters, bran cleaners, blenders, rice hullers, pea splitters)
282504	Manufacture of machinery for the bakery industry including automatic bakeries and non-electric bakery ovens
281607	Works trucks, whether or not fitted with lifting or handling equipment, whether or not self-propelled, of the type used in factories (including hand trucks and wheelbarrows)
332007	Installation of agricultural machinery
331214	Repair and maintenance of machinery for textile, apparel and leather production
281103	Manufacture of boiler-turbine and steam turbines
281109	Manufacture of parts for engines and steam turbines
281107	Manufacture of pistons and piston rings, inlet and exhaust valves etc. for cycle engines
332020	Nanotechnologies Installation for Water and Energy Treatment
332015	Installation of electric motors, generators and transformers
281106	Manufacture of pistons and piston rings, inlet and exhaust valves etc. for motor vehicle engines
329018	Manufacture of Products using 3D Technology
281201	Manufacture of rubber hydraulic and pneumatic hose and fittings
282301	Manufacture of machines and equipment for handling hot metals: converters, ingot molds, ladles, casting machines
331219	Repair and maintenance of automatic bowling alley equipment
282503	Manufacture of presses, crushers etc.
282506	Manufacture of machinery for the preparation of tobacco and for the making of cigarettes or cigars, or for pipe or chewing tobacco or snuff
282101	Manufacture of mechanical machinery for agriculture such as: tractors, mowers, including lawnmowers, agricultural self-loading or self-unloading trailers or semi-trailers
331216	Assembly and maintenance of high tension generators
281303	Manufacture of taps and valves and similar appliances for pipes, boiler and tanks
282906	Manufacture of machines for production or hot-working of glass or glassware, glass fibre or yarn and bookbinding machines
281101	Manufacture of internal combustion engines, except motor vehicle, aircraft and cycle propulsion engines
281800	Manufacture of power-driven hand tools
282901	Manufacture of machines for making, weaving and cutting off of artificial materials of fiber or spinning materials
332010	Installation of machinery for mining and construction
331413	Repair and Maintenance of Alternative Energy Equipment and Devices
332005	Installation of lifting and handling equipment
281302	Manufacture of air or vacuum pumps, air or other gas compressors
281605	Manufacture of other lifting, handling, loading and unloading machinery (e,g. lifts, escalators, moving walkways, conveyors, telfers (téléphériques) etc.)
332003	Installation of industrial machinery-type pumps
331901	Repair of canvas products, tarpaulin, fertilizer and chemical storage bags
282501	Manufacture of machinery for the dairy industry
281202	Manufacture of fluid power systems
282609	Manufacture of industrial clothes-dryers
332008	Installation of machine tools (e.g. hydraulic presses, draw-benches)
331212	Repair and maintenance of mining, construction, and oil and gas field machinery
331204	Repair and maintenance of ovens, furnaces and furnace burners
282603	Manufacture of manufacture of auxiliary machines or equipment for textile machinery: dobbies, jacquards, automatic stop motions, shuttle changing mechanisms, spindles and spindle flyers etc.
331213	Repair and maintenance of machinery for food, beverage and tobacco processing
332002	Installation of engines and turbines
282902	Manufacture of machinery for working soft rubber or plastics or for the manufacture of products of these materials; machinery for making paper pulp; paper and paperboard making machinery; dryers for paper pulp, paper or paperboard; machinery producing articles of paper or paperboard
282912	Manufacture of machine guns stand system.
332013	Installation of other special purpose machinery
282605	Manufacture of laundry machinery: ironing machines, including fusing presses, commercial washing and drying machines and dry-cleaning machines
281301	Manufacture of mechanism or manual pumps for liquids
282606	Manufacture of sewing machines, sewing machine heads and sewing machine needles (whether or not for household use)
331206	Repair and maintenance of parts specialized for general purpose machinery and equipment
282607	Manufacture of machines for producing or finishing felt or non-wovens
281604	Manufacture of lifting and handling equipment used in factories, warehouses, dock areas ,airport etc.
332018	Installation of industrial process control equipment
282601	Manufacture of machines for preparing textile fibres: cotton gins, bale breakers, garnetters, cotton spreaders, wool scourers, wool carbonizers, combs, carders, roving frames etc.
331209	Repair and maintenance of agricultural and forestry machinery
282505	Manufacture of heat treatment machines and units for food and drinks such as: units of pasteurization, microwave oven and broasted processing machines etc.
202304	Manufacture of perfumes preparations for personal use, such as: perfumes and toilet water
202301	Manufacture of soap in all forms (liquid, pastes, bars, moulded), paper, wadding, felt etc. coated or covered with soap or detergent and shampoos
202302	Manufacture of industrial detergents, polishes and creams for leather, wood, floors, coachwork, glass and metal, scouring pastes and powders, including paper, wadding etc. coated or covered with these and surface-active washing preparations
202307	Manufacture of dentifrices and preparations for oral hygiene, including denture fixative preparations
202305	Manufacture of shaving preparations, including pre-shave and aftershave preparations, hair lacquers, waving and straightening preparations, depilatories and crude glycerol
202306	Manufacture of beauty, make-up preparations, manicure and pedicure preparations etc.
202303	Manufacture of preparations for perfuming or deodorizing rooms, deodorants and bath salts
202309	Manufacture of bakhur
202910	Manufacture of aromatic oils
202308	Manufacture of artificial waxes and prepared waxes
170904	Manufacture of school exercise books and other similar educational and commercial stationery
170203	Manufacture of manufacture of folding paperboard containers (carton), boxes and cases of non-corrugated paper or paperboard
170106	Further processing of paper and paperboard to produce coated, crêped, crinkled paper and paperboard etc.
170201	Manufacture of corrugated paper and paperboard
170908	Manufacture of decorations paper, artificial paper, wallpaper and similar wall coverings etc.
170205	Manufacture of other containers of paper and paperboard (office box files and similar articles, cd cases etc.)
170204	Manufacture of sacks and bags of paper
170202	Manufacture manufacture of containers of corrugated paper or paperboard for foods, beverages and other purposes
170104	Manufacture of newsprint and other printing or writing paper
170206	Manufacture of multi-layer (carton) paperboard and compact paperboard used in construction and other work
170102	Manufacture of paper pulp from wood pulp, other fibres and wastes
170905	Manufacture of cleansing tissues, handkerchiefs, towels, serviettes, toilet paper, sanitary towels and tampons, napkins and napkin liners for babies and personal hygiene paper
170903	Manufacture of envelopes, letter-cards and labels
170911	Manufacture of paper novelties
170906	Manufacture of household paper such as cups, dishes, trays etc.
170103	Operation of paper mills
170901	Manufacture of textile wadding and articles of wadding: sanitary towels, tampons etc.
170910	Manufacture of printing, writing paper, self-copy paper, gummed or adhesive paper etc. ready for use
170907	Manufacture of filter paper and paperboard
170105	Manufacture of paper ore for conversion into towels, napkins, facial tissues etc. and packing paper
170101	Manufacture of wood pulp
170902	Manufacture of duplicator stencils and carbon paper in different sizes
329001	Manufacture of fire-resistant and protective safety clothing
329008	Manufacture of metal safety headgear
329002	Manufacture of linemen’s safety belts and other belts for occupational use
329007	Manufacture of fire-fighting protection suits
329003	Manufacture of cork life preservers
329009	Manufacture of gas masks
329005	Manufacture of personal safety equipment of plastics (e.g. athletic helmets)
329006	Manufacture of plastics hard hats
281912	Maintenance and Filling of Fire Extinguishers
331916	Inspection and Maintenance of Fire Fighting and Safety Systems and Equipment on the Ships
281906	Manufacture of Safety and Fire Equipments
102006	Activities of vessels engaged only in the processing and preserving of fish
102005	Production of Fish Meal and Fish Oil
102003	Preservation of fish, crustaceans and molluscs by cooling or freezing
102004	Production of fish products: cooked fish, fish fillets, roes etc., fresh or frozen
104003	Refinement of Fish Oil
102007	Production of caviar and caviar substitutes
101007	Slaughtering and processing of hunting animals (including whales processed on land or on specialized vessels)
101003	Chilling and freezing of meat
101004	Production of meat products (sausages, burger, mince meat, dried etc.)
102001	Preservation of fish, crustaceans and molluscs by canning
102002	Preparation and preservation of fish, crustaceans and molluscs by drying, smoking or salting
239204	Manufacture of clay products for construction purposes such as baked bricks, tiles and pipes
239201	Manufacture of ceramic bricks, roofing tiles, chimney pots and flooring blocks
239403	Manufacture of Gypsum
239103	Manufacture of ceramic products which bear the high temperatures used in metallurgical processes
239306	Manufacture of electrical insulators and insulating fittings of ceramics
239603	Manufacture of stone articles including ssculptures, paintings, decorative items and the like
239203	Manufacture of ceramic pipes, conduits, guttering and pipe fittings
239301	Manufacture of articles of porcelain and ceramic, stoneware, earthenware, imitation porcelain or common pottery
239208	Manufacture of ceramic sanitary fixtures and other non-structural ceramic articles
239302	Manufacture of ceramic tableware and other domestic or toilet articles
239207	Manufacture of mosaic cubes and the like whether or not glazed
239206	Manufacture of heat insulating red and clay bricks
239202	Manufacture of wall and flooring tiles (ceramic and faience)
239508	Manufacture of other articles of plaster: statuary, furniture, bas- and haut-reliefs, vases, flowerpots etc.
239605	Manufacture of Marble and Marble Products
239303	Manufacture of ceramic laboratory, chemical and industrial products
239507	Manufacture of building materials of vegetable substances (wood wool, straw, reeds, rushes) agglomerated with cement, plaster or other mineral binder
239304	Manufacture of statuettes and other ornamental ceramic and pottery articles
239506	Manufacture of articles of asbestos-cement or cellulose fibre-cement
239504	Manufacture of precast beams, plates, structures and buildings
239502	Manufcature of all kinds of cement tiles and mosaic
239205	Manufacture of ceramic hearth or wall tiles
239604	Cutting and sawing of marble
239101	Manufacture of heat-insulating ceramic goods of siliceous fossil meals
239102	Manufacture of refractory bricks, blocks, tiles etc.
239505	Manufacture of other articles of concrete or cement such as pipes, basins, reservoirs, jars, window frames, statuary and other ornamental articles
239501	Manufacture of hollow cement blocks and tiles
239401	Manufacture of all kinds of cements
239503	Manufacture of ready-mix concrete
239105	Manufacture of refractory ceramic building materials
239602	Operations carried out on rough stone out of quarries such as cutting, glazing, polishing, grinding etc.
239405	Cement and Gypsum Packing
239404	Manufacture of Plasters
239104	Manufacture of retorts, crucibles, muffles, nozzles, tubes, pipes etc.
239601	Cutting, shaping and finishing of stone for use in construction, in cemeteries, on roads, as roofing etc.
239402	Manufacture of quicklime, slaked lime and hydraulic lime
960301	Funeral Services
949101	Activities of mosques
301101	Building of ships
301104	Manufacture of seats for ships
331511	Maintenance of Maritime Marches and their Accessories
331508	Maintenance of Boats and Marine Units
331509	Repairing of sailing boats, race shells boats
331902	Repair of ropes, fishing nets, including mending
301103	Building of Fishing Boats
301106	Manufacture of Maritime Marches and their Accessories
301105	Manufacture of Traditional Wooden Ships
301102	Building of Ships and Floating Structures
331501	Maintenance of Ships and Floating Structures
331412	Repair and Maintenance of Ships and Boats
301202	Manufacture of sailboats and racing boats
301201	Building of Yachts and Boats
331507	Repairing of yachts and boats
383006	Ship-breaking and Marine Extraction
331502	Maintenance and Repair of Pleasure and Sporting Boats
139403	Manufacture of Fishing Nets, Marine Cages and Protective Barriers
303001	Manufacture and assembly of aircraft motors and engines and their parts
477360	Retail sale in Specialized Stores of Aircraft Spare Parts
477345	Retail Sale in Specialized Stores of Aircraft and their Engines
331504	Repair and maintenance of aircraft (except factory conversion, factory overhaul, factory rebuilding)
331510	Upholstering Aircraft Passenger Seats and Accessories
324007	Manufacture of Drones / Model
360001	Purification and distribution of water
351001	Electric power generation
351002	Electric power transmission and distribution
360002	Desalting of water
353003	District and Buildings Cooling Services
353001	Production and distribution of steam and hot water for heating, power and other purposes
360005	Sea Water Withdrawal for Cooling Purposes
461007	Buying and Selling of Energy and Water
422006	Operation and Maintenance of Power Plants and Desalination Plants
421003	Construction and maintenance of railways
431203	Cleaning and levelling of the site
439001	Construction of foundations and structures, concrete work, brick laying, scaffolding, roof covering etc.
432103	Installation of Fire And Burglar Alarm Systems
433006	Installation of Prefab Homes and Residential Mobile Containers (Caravans)
421001	Construction and Maintenance of Road
433001	Installation of furniture
422002	Construction of water, electricity amd telephone networks and stations
431204	Drilling and Blasting for Site preparation
432903	Installation and Maintenance of Thermal, Sound or Vibration
439002	Main renovations and additions
410002	Construction of airport buildings
432101	Electrical Installations Work.
432104	Installation Of Street Lighting and Electrical Signs
433004	Floor and Wall Covering with Tiles, Parquet, Marble, Ceramic, Mosaic or Cladding
432203	Installation and maintenance of fire sprinkler systems
432204	Duct work installation of gas
439007	Construction of outdoor swimming pools
432207	Installation and maintenance of cooling and freezing chambers equipment
421002	Construction and maintenance of airports and harbours
431100	Demolition
433003	Plastering, painting and decorating
432205	Duct work installation (other than gas)
432904	Installation of Automated and Revolving Doors and their Accessories
493002	Operation and maintenance of pump stations and pipelines
802001	Installing, repairing, rebuilding, and adjusting mechanical or electronic locking devices, safes and security vaults
432201	Installation and maintenance of sanitaryware
432905	Installation of doors and windos
431201	Drilling, landfill, levelling and grading of construction sites
432902	Installation and maintenance of elevators and escalators
432906	Installation and maintenance of cooling and freezing chambers doors
422004	Maintenance and repair of wells and falajs
429003	Construction of Dams
433005	Installation of gypsum (décor stone)
433002	Glazing (installation of glass, mirrors etc.)
422003	Water well drilling
431202	Site preparation for mining purposes
429002	Marine Construction (Surface breakers, sidewalk protectors, drilling and land fill...etc)
422001	Construction of Sewer Systems
439003	Damp proofing and water proofing works
429001	Land subdivision with land improvement (e.g. adding of roads, utility infrastructure etc.)
432901	Construction of building installation
432202	Installation and maintenance of heating systems and air-conditioning equipment and ducts
422007	Construction of Sewage Disposal Plants
410001	Construction of buildings (general constructions of residential and non-residential buildings)
432206	Installation of hotels, restaurants and kitchen equipment
432102	Installation of Communication Wiring and Fiber Optic Cables
422005	Construction and repair of power, transformer, telecommunication and radar plants
841304	Management and operation of filling stations
473005	Mobilizing private gas station (Diesel)
473001	Motor vehicle fuel filling stations
473003	Supplying Fuel to the Ships (Bunkering)
522105	Electric Vehicles and Motorcycles Charging Stations
466101	Wholesale of solid fuels and related products
466102	Wholesale of liquid and gaseous fuels and related products
466106	Wholesale of Gas, Crude Oil and Refineries
473004	Retail sale in specialized stores of petroleum products (oils and their derivatives not including)
466103	Sale of LPG Cylinders (Warehouses)
466108	Distribution of LPG Cylinders
841306	Management and Operation of LPG Filling Stations (Cooking Gas)
466104	LPG Filling Station (Cylinders)
477313	Retail Sale in Specialized Stores of Cooking Gas
477351	Retail sale in specialized stores of empty gas cylinders
477338	Retail sale in specialized stores of natural gases (oxygen)
192011	Filling Small Gas Cylinders (Trip Gas)
492306	Trucking of Cooking Gas Cylinders
251105	Metal Workshop
331102	Repair and maintenance of tanks, reservoirs and containers of metal
251106	Aluminium workshops
259308	key reduplication (Key making)
331104	Welding repair
331107	Repair and maintenance of moulding boxes and moulds (except ingot moulds)
259203	Turning of metals
331101	Repair and maintenance of structural metal products
331904	Repair of other wood products, except household goods (e.g. wooden spools and similar parts of textile machinery)
331202	Repair and maintenance of pumps, compressors, taps and valves
331913	Repair of millstones, grindstones, polishing stones etc.
162206	Installation of self manufactured carpentry or joinery of wood
310006	Upholstery of mattresses, chairs and seats
331220	Repair and maintenance of roundabouts, swings, shooting galleries and other fairground amusements
331903	Repair or reconditioning of wooden pallets, shipping drums or barrels, and similar items
259201	Treatment and coating of metals such as plating, polishing, engraving, colouring etc.
161002	Manufacture of wood sawdust types
259202	Welding of tubes, equipment, radiator, choke absorbers etc.
331108	Repair and maintenance of containers
331105	Repair and maintenance of hand tools and general hardware
162207	Manufacture of various wooden products (carpentry workshops)
477401	Retail sale of second-hand furniture, electronic and electric equipment/appliances
475208	Retail sale in specialized stores of constrcution materials scrap (including iron scrap)
477402	Retail Sale of Second-Hand Domestic Appliance (Electronic and Electric Equipment)
466906	Wholesale of metal and non-metal waste and scrap and materials for recycling
381103	Collecting of Used Clothes
464107	Wholesale of Used Cloths
477403	Collection of Plastic, Rubber, Paper and Metal Wastes
453001	Sale of new motor vehicle spare parts and accessories
453004	Sale of motor vehicle batteries
453002	Sale of second hand motor vehicle spare parts and accessories (scrap cars)
453007	Sale of Motor Vehicle Glass
453006	sale of spare parts of heavy motorized equipment
453005	sale of motor vehicle accessories (including vehicle care's products)
453003	Sale of motor vehicle tyres and their accessories
473002	Retail sale in specialized stores of oils and their derivatives
651210	Insuring Trade Credit Receivables for Domestic and Export Sales and Imports
651200	Non-life insurance
662201	Insurance Broker
652002	Reinsurance Broker
651204	Family Takaful Insurance
652001	Reinsurance Operations
662102	Valuation of Canceled Vehicles
651101	Life insurance
651202	Health Insurance
651206	Marine Insurance
651212	Insuring Inward and Outward Direct Foreign Investment
662903	Health Insurance Claims Management
651201	General Insurance
651213	Bonds of all Kinds to Insuring and Issuing Companies, Banks and NBFIs
651207	Aircraft Insurance
651208	Pecuniary Loss and Liability Insurance
662901	Insurance agent by commission
651203	General Takaful Insurance
662101	Risk and damage evaluation
651102	Disability insurance
662202	Omani Unified Bureau for the Orange Card
651209	Insurance Against Cyber Incidents
651211	Insuring Commercial and Non- Commercial Risk
651205	Health Takaful Insurance
452014	Motor vehicle wash services in specific locations
452015	Motor vehicle inspection by computer
452007	Service stations of washing and lubrication of motor vehicle
452002	Mechanical repairs of motor vehicle
452016	Installing and Repairing of Motor Vehicle Accessories
452006	Wheel balance
452003	Electrical repairs of motor vehicle
454002	Maintenance and repair of motorcycles
452017	Installing and Repairing of Motor Vehicle Glass
452018	Vehicle Inspection and Internal Road Checks
452004	Repair and clean of vehicle radiators
452008	Change oils of motor vehicle
452001	Repair, polishing and painting of motors vehicles
452009	Repair of motor vehicle air-conditioner
452012	Repair of vehicle excels and brake
452010	Repair of exhaust sound for motor vehicle
452011	Washing and polishing of motor vehicle
452005	Repair Tires and Rings
452013	Upholstering motor vehicle seats
452019	Technical Inspection for Vehicles
619004	Installation and Maintenance of Electronic Systems for Vehicle Management
691001	Advocates offices
691003	Legal Consultancy Offices
081001	Operation of quarries
072901	Mining and preparation of ores valued chiefly for non-ferrous metal content: aluminium (bauxite), copper and lead
099009	Test drilling and test hole boring
099006	Support activities for quarrying of stone, sand and clay
089901	Mining and Quarrying of Asphalt, Bitumen and Tar
099005	Support activities for mining of non-ferrous metal ores
089104	Mining of sulphur and ores containing barium
089902	Mining and quarrying of gemstones, quartz, mica etc.
089103	Mining of earth colours, fluorspar and other minerals valued chiefly as a source of chemicals
081003	Operation of sand and pebble mines (crushers), including extraction and dredging of industrial sand, sand for construction and gravel, breaking and crushing of stone and gravel
089101	Extraction of natural manure
081002	Mining of gypsum and anhydrite
072902	Mining and preparation of ores valued chiefly for precious metals content: gold, silver, platinum
081005	Washing and Cleaning Sand
089102	Mining of minerals containing nitrogen, potassium and sulpher
854903	Driving training
854201	Music instruction institutes
853002	Colleges
851003	Private International School
852100	Post-Basic Education
855003	Organization of student exchange programs
854902	Language instruction and computer training institutes
851005	Private Early Education School (Teaching the Holy Quran)
854901	Education for handicapped
853003	Universities
855006	Academic Qualifications Verification Services
851004	Foreign School (For Communities)
854101	Yoga instruction
851002	Private School
854104	Gymnastics Training
855004	Educational guidance counseling services
854103	Diving Training Center
854909	Etiquette Training
851001	Private Early Education School (Kindergarten)
855001	Educational testing services
854907	Training Institutes
853004	Higher education services
854904	Holy Quran Memorization School
854911	Flight Simulator Center
852202	Training Centers
854102	Equestrian instruction institutes
854910	Education Services for International Educational Centers
853001	Colleges
854203	Education of Fine Arts
854905	Training services
852201	Technical and vocational education below the level of higher education
